Date,Close,Open,High,Low,Volume,Change
2019-04-19,5.4546,5.465,5.4784,5.3519,2990000.0,-0.0022
2019-04-20,5.4243,5.4573,5.4939,5.3696,2500000.0,-0.005600000000000001
2019-04-21,5.1986,5.4283,5.4451,4.9645,6620000.0,-0.0416
2019-04-22,5.2159,5.199,5.2755,5.089,4250000.0,0.0033
2019-04-23,5.1059,5.2185,5.3586,5.0973,4910000.0,-0.021099999999999997
2019-04-24,4.7789,5.0978,5.1401,4.5634,10050000.0,-0.064
2019-04-25,4.6115,4.7762,4.8446,4.5466,7340000.0,-0.035
2019-04-26,4.7923,4.606,4.9578,4.5347,8199999.999999999,0.0392
2019-04-27,4.7381,4.7875,4.8299,4.6964,2340000.0,-0.0113
2019-04-28,4.7445,4.7403,4.7948,4.6347,2250000.0,0.0014000000000000002
2019-04-29,4.5096,4.7417,4.7556,4.4551,4120000.0,-0.0495
2019-04-30,4.8158,4.5133,4.8375,4.5133,4610000.0,0.0679
2019-05-01,4.7626,4.8159,4.8509,4.6682,3280000.0,-0.011000000000000001
2019-05-02,4.783,4.7647,4.8195,4.6287,3810000.0,0.0043
2019-05-03,5.0802,4.7783,5.1552,4.76,6930000.0,0.0621
2019-05-04,4.9478,5.0861,5.1895,4.7877,6210000.0,-0.026099999999999998
2019-05-05,4.8807,4.9489,5.0162,4.8309,3290000.0,-0.013600000000000001
2019-05-06,4.8921,4.883,4.9881,4.6534,5340000.0,0.0023
2019-05-07,4.8459,4.9015,5.0444,4.8085,5190000.0,-0.009399999999999999
2019-05-08,4.8962,4.8414,4.9334,4.7605,3240000.0,0.0104
2019-05-09,4.8513,4.9026,4.9931,4.7838,3180000.0,-0.0092
2019-05-10,4.8128,4.8534,4.937,4.5832,5680000.0,-0.0079
2019-05-11,5.4661,4.8174,5.7554,4.8171,12660000.0,0.13570000000000002
2019-05-12,5.3338,5.411,5.7535,5.1728,9650000.0,-0.0242
2019-05-13,5.5185,5.3305,5.7728,5.2968,6280000.0,0.0346
2019-05-14,5.9992,5.5179,6.1979,5.5027,11010000.0,0.08710000000000001
2019-05-15,6.472,6.0086,6.5426,5.9519,6200000.0,0.0788
2019-05-16,6.4938,6.4628,6.8882,6.2543,12670000.0,0.0034000000000000002
2019-05-17,6.0301,6.4925,6.5756,5.7342,14700000.0,-0.07139999999999999
2019-05-18,5.8822,6.0371,6.0792,5.8227,5020000.0,-0.0245
2019-05-19,6.4603,5.8766,6.5639,5.8739,8530000.0,0.0983
2019-05-20,6.2139,6.4546,6.4546,5.9878,6890000.0,-0.0381
2019-05-21,6.2594,6.2138,6.3559,6.0778,4830000.0,0.0073
2019-05-22,5.9283,6.2542,6.3384,5.8193,6060000.0,-0.0529
2019-05-23,6.017,5.9055,6.0942,5.7348,4250000.0,0.015
2019-05-24,6.406,6.0163,6.5734,5.9659,7140000.0,0.0647
2019-05-25,6.3595,6.4018,6.5387,6.2659,4550000.0,-0.0073
2019-05-26,6.8541,6.3632,6.9506,6.2048,6720000.0,0.07780000000000001
2019-05-27,7.9672,6.8818,8.1981,6.7993,16399999.999999998,0.1624
2019-05-28,8.0799,7.998,8.1827,7.6634,12400000.0,0.0141
2019-05-29,7.9652,8.0665,8.221,7.5159,8600000.0,-0.014199999999999999
2019-05-30,7.2948,7.968,8.4781,6.9022,19450000.0,-0.0842
2019-05-31,8.5599,7.295,8.6779,7.1941,17870000.0,0.1734
2019-06-01,7.7142,8.5568,8.6342,7.5953,18830000.0,-0.09880000000000001
2019-06-02,7.7189,7.7125,7.9801,7.4611,11920000.0,0.0006
2019-06-03,6.6886,7.7211,7.7214,6.5969,15540000.0,-0.1335
2019-06-04,6.2943,6.6424,6.8858,6.0643,18010000.0,-0.059000000000000004
2019-06-05,6.415,6.3161,6.5133,6.1453,10140000.0,0.0192
2019-06-06,6.3567,6.4029,6.4562,5.9636,8430000.0,-0.0091
2019-06-07,6.6229,6.358,6.7784,6.2918,7060000.0,0.04190000000000001
2019-06-08,6.3433,6.6161,6.6793,6.2023,5000000.0,-0.042199999999999994
2019-06-09,6.1469,6.3376,6.4656,5.9848,6350000.0,-0.031
2019-06-10,6.4326,6.1322,6.4846,6.0401,6630000.0,0.04650000000000001
2019-06-11,6.3122,6.4369,6.4737,6.1514,5150000.0,-0.0187
2019-06-12,6.4264,6.3169,6.4334,6.2145,5560000.0,0.0181
2019-06-13,6.4576,6.4254,6.5999,6.3639,6500000.0,0.0049
2019-06-14,6.5364,6.4595,6.5466,6.3471,4870000.0,0.012199999999999999
2019-06-15,6.8875,6.5367,6.9319,6.5188,5740000.0,0.0537
2019-06-16,6.9779,6.882,7.179,6.7839,7680000.0,0.0131
2019-06-17,7.1237,6.9714,7.2133,6.9518,6050000.0,0.0209
2019-06-18,6.7823,7.1314,7.1499,6.6511,5750000.0,-0.0479
2019-06-19,6.8543,6.7866,6.9568,6.7497,3060000.0,0.0106
2019-06-20,6.8277,6.8572,6.8888,6.6781,3830000.0,-0.0039000000000000003
2019-06-21,7.0305,6.8366,7.1182,6.8366,6700000.0,0.0297
2019-06-22,7.508,7.0204,7.5872,6.9636,12190000.0,0.0679
2019-06-23,7.2724,7.5027,7.6488,7.1853,6320000.0,-0.031400000000000004
2019-06-24,7.2547,7.2661,7.268,7.0372,4510000.0,-0.0024
2019-06-25,7.1756,7.2892,7.3057,6.9789,5160000.0,-0.0109
2019-06-26,6.8094,7.1724,7.4435,6.1442,16920000.0,-0.051
2019-06-27,5.9611,6.8106,6.8498,5.6467,20220000.0,-0.1246
2019-06-28,6.2238,5.9648,6.2731,5.7734,12180000.0,0.0441
2019-06-29,6.3297,6.2133,6.3915,6.0082,7400000.0,0.017
2019-06-30,5.7701,6.3469,6.3908,5.7076,8039999.999999999,-0.08839999999999999
2019-07-01,6.0516,5.8163,6.0652,5.5599,10550000.0,0.048799999999999996
2019-07-02,5.8961,6.0447,6.1383,5.5813,10060000.0,-0.025699999999999997
2019-07-03,6.0436,5.8954,6.0924,5.8179,7260000.0,0.025
2019-07-04,5.7184,6.0435,6.0563,5.6563,5600000.0,-0.0538
2019-07-05,5.7435,5.7139,5.861,5.6766,4260000.0,0.0044
2019-07-06,5.7692,5.741,5.9653,5.7014,4080000.0,0.0045000000000000005
2019-07-07,5.9319,5.7659,6.0161,5.7462,2780000.0,0.0282
2019-07-08,5.9389,5.9249,5.9763,5.8231,3680000.0,0.0012
2019-07-09,5.8825,5.9367,6.0113,5.8301,4990000.0,-0.0095
2019-07-10,5.2682,5.883,5.9116,5.0676,13970000.0,-0.10439999999999999
2019-07-11,4.6839,5.2618,5.2618,4.3988,17980000.0,-0.1109
2019-07-12,4.7882,4.6834,4.86,4.6023,8810000.0,0.0223
2019-07-13,4.7512,4.786,4.8235,4.5829,6190000.0,-0.0077
2019-07-14,4.1093,4.75,4.7698,4.0545,9780000.0,-0.1351
2019-07-15,4.2887,4.1023,4.4084,3.9833,10940000.0,0.0437
2019-07-16,3.6565,4.2924,4.356,3.3502,17660000.0,-0.1474
2019-07-17,3.8285,3.6601,4.1108,3.5364,13930000.0,0.047
2019-07-18,4.0974,3.8351,4.2116,3.7488,9900000.0,0.0702
2019-07-19,4.0366,4.0996,4.149,3.8081,5250000.0,-0.0148
2019-07-20,4.2994,4.0367,4.4567,4.0004,6170000.0,0.06509999999999999
2019-07-21,4.3264,4.3007,4.3442,4.1636,4390000.0,0.0063
2019-07-22,4.1257,4.3292,4.4118,3.9833,4680000.0,-0.0464
2019-07-23,4.15,4.12,4.276,3.9668,5130000.0,0.0059
2019-07-24,4.5796,4.1519,4.6469,4.0132,9920000.0,0.1035
2019-07-25,4.5662,4.58,4.6936,4.4352,6400000.0,-0.0029
2019-07-26,4.611,4.5659,4.6977,4.4216,4480000.0,0.0098
2019-07-27,4.2786,4.6074,4.7363,4.1876,7560000.0,-0.0721
2019-07-28,4.2646,4.2741,4.3303,3.904,4690000.0,-0.0033
2019-07-29,4.2108,4.2831,4.3913,4.1137,4840000.0,-0.0126
2019-07-30,4.1967,4.2108,4.2836,4.1471,3030000.0,-0.0033
2019-07-31,4.417,4.1959,4.4335,4.1897,2630000.0,0.0525
2019-08-01,4.299,4.4253,4.4405,4.2301,3030000.0,-0.026699999999999998
2019-08-02,4.1792,4.2991,4.3421,4.0482,3970000.0,-0.0279
2019-08-03,4.29,4.1818,4.3462,4.1692,2690000.0,0.0265
2019-08-04,4.214,4.2886,4.3092,4.176,1960000.0,-0.0177
2019-08-05,4.4599,4.2198,4.5694,4.215,4540000.0,0.0584
2019-08-06,4.1973,4.4599,4.4999,4.0746,5240000.0,-0.058899999999999994
2019-08-07,4.2224,4.1877,4.2773,4.144,3160000.0,0.006
2019-08-08,4.1698,4.224,4.2348,4.106,2300000.0,-0.0125
2019-08-09,3.9047,4.1676,4.1778,3.8349,4210000.0,-0.0636
2019-08-10,4.0644,3.9053,4.1387,3.879,4280000.0,0.0409
2019-08-11,4.1914,4.0655,4.2462,4.0632,3250000.0,0.031200000000000002
2019-08-12,4.1317,4.2045,4.2045,4.0787,1490000.0,-0.014199999999999999
2019-08-13,4.075,4.13,4.1418,3.9858,4010000.0,-0.0137
2019-08-14,3.6718,4.0828,4.1302,3.5812,6900000.0,-0.0989
2019-08-15,3.6254,3.6731,3.7169,3.5122,3500000.0,-0.0126
2019-08-16,3.5799,3.6174,3.6504,3.4931,3820000.0,-0.0126
2019-08-17,3.558,3.5801,3.6119,3.499,1550000.0,-0.0060999999999999995
2019-08-18,3.6909,3.564,3.7609,3.5115,2260000.0,0.0374
2019-08-19,3.7178,3.6884,3.7712,3.6465,2510000.0,0.0073
2019-08-20,3.6705,3.7199,3.7208,3.6009,1550000.0,-0.0127
2019-08-21,3.5136,3.6763,3.6822,3.4024,3650000.0,-0.042699999999999995
2019-08-22,3.6349,3.5278,3.7089,3.4527,3370000.0,0.0345
2019-08-23,3.6706,3.633,3.7673,3.5994,2910000.0,0.0098
2019-08-24,3.6617,3.6712,3.6826,3.5561,1920000.0,-0.0024
2019-08-25,3.5522,3.6607,3.6872,3.4745,2560000.0,-0.029900000000000003
2019-08-26,3.5842,3.5518,3.6884,3.5421,2530000.0,0.009000000000000001
2019-08-27,3.5529,3.5859,3.5937,3.4935,1220000.0,-0.0087
2019-08-28,3.2536,3.5485,3.5581,3.1311,5840000.0,-0.0842
2019-08-29,3.1929,3.254,3.261,3.0678,3640000.0,-0.0187
2019-08-30,3.215,3.1997,3.2811,3.1638,2310000.0,0.0069
2019-08-31,3.3223,3.2087,3.3996,3.1899,2190000.0,0.0334
2019-09-01,3.2572,3.3209,3.3386,3.0939,2850000.0,-0.0196
2019-09-02,3.3201,3.2562,3.3631,3.2207,2980000.0,0.019299999999999998
2019-09-03,3.3498,3.319,3.4566,3.3108,4790000.0,0.0089
2019-09-04,3.3032,3.3498,3.3601,3.2778,2690000.0,-0.0139
2019-09-05,3.2664,3.3041,3.3264,3.2012,2630000.0,-0.0111
2019-09-06,3.2107,3.2673,3.3443,3.1518,5420000.0,-0.0171
2019-09-07,3.5625,3.2109,3.6561,3.1969,7780000.0,0.1096
2019-09-08,3.7888,3.5623,3.7888,3.5411,9350000.0,0.0635
2019-09-09,3.8767,3.7837,3.9471,3.6191,11270000.0,0.0232
2019-09-10,3.7767,3.8763,3.9172,3.6667,8560000.0,-0.0258
2019-09-11,3.7539,3.7724,3.805,3.6545,6750000.0,-0.006
2019-09-12,3.7408,3.7534,3.7798,3.6733,3620000.0,-0.0034999999999999996
2019-09-13,3.7258,3.7432,3.7486,3.6731,3680000.0,-0.004
2019-09-14,4.0213,3.7224,4.0973,3.6921,7870000.0,0.0793
2019-09-15,4.0719,4.0248,4.148,4.0022,5960000.0,0.0126
2019-09-16,4.0847,4.0738,4.149,3.9514,7740000.0,0.0031
2019-09-17,4.063,4.0841,4.2249,4.0199,7720000.0,-0.0053
2019-09-18,4.0782,4.0615,4.1671,4.0505,7000000.0,0.0037
2019-09-19,3.9575,4.077,4.0828,3.811,8880000.0,-0.0296
2019-09-20,4.0104,3.9602,4.0314,3.8409,4570000.0,0.0134
2019-09-21,4.0,4.0174,4.0622,3.9652,4950000.0,-0.0026
2019-09-22,3.808,4.0004,4.006,3.7454,4720000.0,-0.048
2019-09-23,3.6852,3.8127,3.8583,3.6639,6160000.0,-0.0322
2019-09-24,2.759,3.6906,3.7216,2.4521,38200000.0,-0.25129999999999997
2019-09-25,2.8663,2.7693,2.9455,2.7023,22390000.0,0.038900000000000004
2019-09-26,2.7817,2.8673,2.8673,2.5979,19020000.0,-0.029500000000000002
2019-09-27,2.8289,2.7808,2.8787,2.6959,10140000.0,0.017
2019-09-28,2.8303,2.8309,2.8685,2.775,5050000.0,0.0005
2019-09-29,2.7755,2.8293,2.8377,2.6799,4950000.0,-0.0194
2019-09-30,2.9619,2.7802,3.0049,2.7196,8140000.000000001,0.0672
2019-10-01,2.9364,2.9651,3.0992,2.8647,9220000.0,-0.0086
2019-10-02,3.0013,2.9357,3.0332,2.8852,4430000.0,0.022099999999999998
2019-10-03,2.9267,3.0022,3.0119,2.8139,4680000.0,-0.024900000000000002
2019-10-04,3.0018,2.9281,3.0746,2.8709,5860000.0,0.025699999999999997
2019-10-05,2.9875,3.0024,3.0318,2.9238,4340000.0,-0.0048
2019-10-06,2.9076,2.9899,2.9957,2.8542,4580000.0,-0.026699999999999998
2019-10-07,3.1793,2.9083,3.2434,2.8945,9850000.0,0.0934
2019-10-08,3.1601,3.1765,3.2395,3.1142,4990000.0,-0.006
2019-10-09,3.2356,3.1624,3.3018,3.1142,8250000.0,0.0239
2019-10-10,3.1053,3.2373,3.2437,3.0412,7470000.0,-0.0403
2019-10-11,3.0585,3.1093,3.1865,3.0423,8670000.0,-0.0151
2019-10-12,3.0655,3.0578,3.1425,3.0409,4920000.0,0.0023
2019-10-13,3.1029,3.0664,3.1349,3.0475,4320000.0,0.012199999999999999
2019-10-14,3.1632,3.104,3.1812,3.0946,5220000.0,0.0194
2019-10-15,2.9637,3.1651,3.1696,2.8715,8490000.0,-0.06309999999999999
2019-10-16,2.9252,2.9597,2.985,2.8453,6030000.0,-0.013000000000000001
2019-10-17,2.9473,2.9254,2.9594,2.8808,3980000.0,0.0076
2019-10-18,2.8795,2.948,2.9516,2.7267,7460000.0,-0.023
2019-10-19,2.8678,2.879,2.9172,2.84,4460000.0,-0.0040999999999999995
2019-10-20,2.9208,2.8658,2.932,2.8325,4300000.0,0.018500000000000003
2019-10-21,2.9233,2.9225,2.9651,2.8821,4160000.0,0.0009
2019-10-22,2.8916,2.9228,3.019,2.8712,6730000.0,-0.0108
2019-10-23,2.7152,2.8868,2.9082,2.5398,12590000.0,-0.061
2019-10-24,2.7224,2.7158,2.7768,2.6579,6390000.0,0.0027
2019-10-25,3.1803,2.724,3.3099,2.7181,20520000.0,0.16820000000000002
2019-10-26,3.1323,3.1783,3.5332,2.9866,26620000.0,-0.0151
2019-10-27,3.3269,3.1343,3.4729,3.0704,18390000.0,0.0621
2019-10-28,3.2792,3.3329,3.5411,3.2531,15630000.0,-0.0143
2019-10-29,3.4022,3.2762,3.4563,3.2762,9540000.0,0.0375
2019-10-30,3.2672,3.3974,3.4215,3.1967,8279999.999999999,-0.0397
2019-10-31,3.2521,3.2698,3.317,3.171,7080000.0,-0.0046
2019-11-01,3.3419,3.2533,3.3801,3.2023,6620000.0,0.0276
2019-11-02,3.3208,3.3436,3.3772,3.2951,4120000.0,-0.0063
2019-11-03,3.2703,3.3222,3.3401,3.2111,3600000.0,-0.0152
2019-11-04,3.44,3.2686,3.4898,3.2377,9830000.0,0.0519
2019-11-05,3.6137,3.4391,3.6818,3.4153,11850000.0,0.050499999999999996
2019-11-06,3.6036,3.6144,3.6698,3.5558,7560000.0,-0.0028000000000000004
2019-11-07,3.4663,3.6083,3.6315,3.4342,7090000.0,-0.0381
2019-11-08,3.4101,3.4689,3.5461,3.35,8140000.000000001,-0.016200000000000003
2019-11-09,3.4905,3.4058,3.4983,3.4058,3550000.0,0.0236
2019-11-10,3.5825,3.4889,3.6148,3.4509,6480000.0,0.0264
2019-11-11,3.4372,3.585,3.5977,3.4177,5110000.0,-0.0406
2019-11-12,3.483,3.4358,3.5201,3.3928,6590000.0,0.013300000000000001
2019-11-13,3.4714,3.4834,3.4905,3.4237,4130000.0,-0.0033
2019-11-14,3.3945,3.4721,3.4786,3.3523,4380000.0,-0.0222
2019-11-15,3.3334,3.3961,3.4955,3.2954,7670000.0,-0.018000000000000002
2019-11-16,3.374,3.3338,3.3986,3.3175,2700000.0,0.012199999999999999
2019-11-17,3.3958,3.374,3.4374,3.3184,3890000.0,0.006500000000000001
2019-11-18,3.1836,3.3966,3.4002,3.0641,9210000.0,-0.0625
2019-11-19,3.119,3.181,3.1958,3.0288,9450000.0,-0.0203
2019-11-20,3.0804,3.1211,3.1509,3.0502,6670000.0,-0.0124
2019-11-21,2.8207,3.0805,3.1177,2.7615,12390000.0,-0.0843
2019-11-22,2.613,2.8184,2.8443,2.4617,23720000.0,-0.0736
2019-11-23,2.6759,2.6177,2.7039,2.5634,9050000.0,0.0241
2019-11-24,2.4143,2.6766,2.6837,2.374,13210000.0,-0.0978
2019-11-25,2.517,2.4071,2.608,2.3386,16110000.0,0.0425
2019-11-26,2.6113,2.5182,2.6346,2.5169,8900000.0,0.0375
2019-11-27,2.676,2.6052,2.7391,2.4886,11940000.0,0.0248
2019-11-28,2.6244,2.6776,2.6937,2.5974,5780000.0,-0.019299999999999998
2019-11-29,2.7926,2.6225,2.8231,2.6194,7620000.0,0.0641
2019-11-30,2.7479,2.7903,2.8174,2.7129,5430000.0,-0.016
2019-12-01,2.7737,2.7456,2.8506,2.6628,7900000.0,0.009399999999999999
2019-12-02,2.6736,2.774,2.7915,2.6443,6760000.0,-0.0361
2019-12-03,2.6934,2.6758,2.7393,2.6573,3810000.0,0.0074
2019-12-04,2.6269,2.6928,2.7467,2.5645,9970000.0,-0.024700000000000003
2019-12-05,2.6829,2.6249,2.7035,2.618,5980000.0,0.0213
2019-12-06,2.7249,2.682,2.7325,2.6621,4970000.0,0.015700000000000002
2019-12-07,2.7209,2.7236,2.7499,2.7068,2009999.9999999998,-0.0015
2019-12-08,2.7387,2.7209,2.7643,2.691,2340000.0,0.006500000000000001
2019-12-09,2.6571,2.7413,2.7483,2.6173,4860000.0,-0.0298
2019-12-10,2.6009,2.656,2.6668,2.5754,3150000.0,-0.0212
2019-12-11,2.577,2.6018,2.6212,2.5504,3220000.0,-0.0092
2019-12-12,2.5815,2.5767,2.6159,2.5164,4790000.0,0.0017000000000000001
2019-12-13,2.6254,2.5818,2.6411,2.572,3390000.0,0.017
2019-12-14,2.5645,2.6254,2.6304,2.5512,3420000.0,-0.0232
2019-12-15,2.5631,2.5665,2.5918,2.5415,2270000.0,-0.0005
2019-12-16,2.3697,2.562,2.5659,2.301,9490000.0,-0.0755
2019-12-17,2.1953,2.3687,2.3697,2.1626,11740000.0,-0.0736
2019-12-18,2.4573,2.1948,2.51,2.1619,13540000.0,0.1193
2019-12-19,2.4507,2.4581,2.4966,2.4009,5810000.0,-0.0027
2019-12-20,2.4849,2.4503,2.5426,2.4207,4830000.0,0.013999999999999999
2019-12-21,2.4421,2.4847,2.4861,2.4312,2200000.0,-0.0172
2019-12-22,2.5349,2.4414,2.5478,2.4371,3410000.0,0.038
2019-12-23,2.514,2.5337,2.599,2.4978,5390000.0,-0.008199999999999999
2019-12-24,2.5424,2.5145,2.5707,2.4804,4730000.0,0.0113
2019-12-25,2.4801,2.5426,2.5481,2.4568,3250000.0,-0.0245
2019-12-26,2.5181,2.4803,2.6341,2.4658,5190000.0,0.015300000000000001
2019-12-27,2.5712,2.5155,2.5897,2.5086,3830000.0,0.021099999999999997
2019-12-28,2.6288,2.5716,2.6681,2.5688,4250000.0,0.022400000000000003
2019-12-29,2.6859,2.6285,2.7128,2.6161,3120000.0,0.0217
2019-12-30,2.6263,2.6836,2.7194,2.6021,3680000.0,-0.0222
2019-12-31,2.5833,2.6227,2.6496,2.5661,2760000.0,-0.016399999999999998
2020-01-01,2.6042,2.5828,2.6365,2.5764,1840000.0,0.008100000000000001
2020-01-02,2.4581,2.6012,2.6095,2.4279,4630000.0,-0.056100000000000004
2020-01-03,2.639,2.4593,2.6649,2.4319,8350000.0,0.0736
2020-01-04,2.6486,2.6405,2.6611,2.6206,3580000.0,0.0036
2020-01-05,2.6865,2.648,2.7691,2.648,5240000.0,0.0143
2020-01-06,2.8499,2.6842,2.8586,2.6786,7960000.0,0.0608
2020-01-07,2.8451,2.8511,2.8859,2.7565,8730000.0,-0.0017000000000000001
2020-01-08,2.7748,2.8511,2.957,2.7112,12410000.0,-0.024700000000000003
2020-01-09,2.7435,2.773,2.7977,2.6957,5050000.0,-0.0113
2020-01-10,2.9849,2.7417,2.9898,2.6673,10800000.0,0.08800000000000001
2020-01-11,2.9914,2.9865,3.1287,2.9383,7760000.0,0.0022
2020-01-12,3.2107,2.9874,3.2148,2.9368,7410000.0,0.0733
2020-01-13,3.1043,3.2106,3.2106,3.0698,5830000.0,-0.0331
2020-01-14,3.8299,3.1055,4.0233,3.1055,24820000.0,0.23370000000000002
2020-01-15,3.7747,3.7966,3.9451,3.5762,18030000.0,-0.0144
2020-01-16,3.8336,3.7675,3.9298,3.5394,14720000.0,0.015600000000000001
2020-01-17,3.9133,3.8468,4.0661,3.7656,19710000.0,0.0208
2020-01-18,3.8101,3.9029,4.0076,3.709,12580000.0,-0.0264
2020-01-19,3.6155,3.8038,3.9361,3.4592,12240000.0,-0.051100000000000007
2020-01-20,3.6167,3.6163,3.6997,3.4909,8090000.0,0.0003
2020-01-21,3.6548,3.6239,3.6837,3.564,6050000.0,0.0105
2020-01-22,3.6534,3.6547,3.7403,3.5884,5800000.0,-0.0004
2020-01-23,3.5709,3.653,3.6533,3.5007,7020000.0,-0.0226
2020-01-24,3.6345,3.574,3.7034,3.3571,8760000.0,0.0178
2020-01-25,3.5032,3.637,3.637,3.5032,5110000.0,-0.0361
2020-01-26,3.6452,3.4681,3.6661,3.4378,6020000.0,0.0405
2020-01-27,3.9647,3.6486,4.0562,3.6465,11270000.0,0.0876
2020-01-28,4.048,3.9653,4.1252,3.8899,12080000.0,0.021
2020-01-29,3.9723,4.043,4.1088,3.963,9830000.0,-0.0187
2020-01-30,4.3213,3.9598,4.3984,3.8964,13110000.0,0.08789999999999999
2020-01-31,4.1408,4.3225,4.3662,4.0263,11190000.0,-0.0418
2020-02-01,4.1547,4.1444,4.2617,4.0708,7180000.0,0.0034000000000000002
2020-02-02,4.2076,4.1532,4.3238,4.0569,8250000.0,0.0127
2020-02-03,4.2005,4.2161,4.3754,4.1475,8029999.999999999,-0.0017000000000000001
2020-02-04,4.2299,4.2036,4.2699,4.069,6750000.0,0.006999999999999999
2020-02-05,4.5281,4.2296,4.5814,4.1829,9820000.0,0.0705
2020-02-06,4.6038,4.5322,4.6715,4.4492,9280000.0,0.0167
2020-02-07,4.5949,4.5976,4.6977,4.5235,6850000.0,-0.0019
2020-02-08,4.7668,4.5895,4.8447,4.4408,8080000.0,0.0374
2020-02-09,5.0069,4.7626,5.0401,4.7626,8260000.0,0.0504
2020-02-10,4.8962,5.0134,5.0276,4.7436,9470000.0,-0.022099999999999998
2020-02-11,5.2497,4.8971,5.2947,4.7982,9190000.0,0.0722
2020-02-12,5.3319,5.2463,5.4543,5.2463,10150000.0,0.015700000000000002
2020-02-13,5.3701,5.3307,5.4868,5.182,11440000.0,0.0072
2020-02-14,5.3744,5.3607,5.4407,5.2397,7270000.0,0.0008
2020-02-15,4.7447,5.3761,5.3906,4.5271,17940000.0,-0.11720000000000001
2020-02-16,4.3876,4.7446,4.8598,4.0498,22420000.0,-0.0753
2020-02-17,4.3504,4.373,4.4025,4.032,21500000.0,-0.0085
2020-02-18,4.58,4.3571,4.6473,4.2555,13150000.0,0.0528
2020-02-19,3.9781,4.582,4.6022,3.6907,14360000.0,-0.13140000000000002
2020-02-20,4.0005,3.9636,4.0559,3.8333,18300000.0,0.005600000000000001
2020-02-21,4.0514,4.001,4.1903,3.9483,12350000.0,0.0127
2020-02-22,4.1029,4.0513,4.1548,3.9831,7860000.0,0.0127
2020-02-23,4.3924,4.1003,4.4006,4.085,9420000.0,0.0706
2020-02-24,4.1246,4.377,4.3983,3.9207,15680000.0,-0.061
2020-02-25,4.0759,4.1221,4.2345,3.9407,18710000.0,-0.0118
2020-02-26,3.5359,4.0797,4.1074,3.3267,29880000.0,-0.1325
2020-02-27,3.6185,3.5316,3.7295,3.3893,17340000.0,0.023399999999999997
2020-02-28,3.5206,3.6234,3.6792,3.3587,14910000.0,-0.0271
2020-02-29,3.509,3.5172,3.6554,3.5049,8260000.0,-0.0033
2020-03-01,3.5084,3.5182,3.6489,3.4202,9440000.0,-0.0002
2020-03-02,3.7106,3.5017,3.7587,3.493,9920000.0,0.0576
2020-03-03,3.6243,3.7092,3.7131,3.5573,8170000.0,-0.0233
2020-03-04,3.5922,3.6244,3.6695,3.5202,5970000.0,-0.0089
2020-03-05,3.7633,3.5906,3.8355,3.5906,7650000.0,0.047599999999999996
2020-03-06,3.8369,3.7606,3.8503,3.7218,5900000.0,0.0196
2020-03-07,3.6462,3.8363,3.8381,3.6229,4910000.0,-0.049699999999999994
2020-03-08,3.0444,3.6411,3.6411,3.0031,17850000.0,-0.165
2020-03-09,3.0612,3.0505,3.1598,2.8583,21490000.0,0.0055000000000000005
2020-03-10,3.0679,3.0668,3.1503,3.0089,11640000.0,0.0022
2020-03-11,3.0643,3.0711,3.1164,2.855,11160000.0,-0.0012
2020-03-12,1.7905,3.0679,3.0813,1.7201,53010000.0,-0.4157
2020-03-13,2.1104,1.7643,2.2328,1.3767,97440000.0,0.1787
2020-03-14,1.9573,2.1042,2.1257,1.9371,23800000.0,-0.0725
2020-03-15,2.043,1.9615,2.1446,1.9428,19780000.0,0.0438
2020-03-16,1.8856,2.0426,2.049,1.723,38920000.0,-0.077
2020-03-17,1.9684,1.8952,2.0269,1.8728,20260000.0,0.043899999999999995
2020-03-18,1.9999,1.9755,2.0045,1.8748,17230000.0,0.016
2020-03-19,2.2806,2.0028,2.3877,1.9728,20840000.0,0.1404
2020-03-20,2.2009,2.2767,2.5172,1.953,35330000.0,-0.0349
2020-03-21,2.2735,2.2067,2.35,2.112,21090000.0,0.033
2020-03-22,2.133,2.2603,2.3791,2.1139,19800000.0,-0.061799999999999994
2020-03-23,2.2877,2.1342,2.3354,2.0891,18150000.0,0.0725
2020-03-24,2.3448,2.2934,2.3713,2.2726,13130000.0,0.025
2020-03-25,2.2967,2.3429,2.3663,2.2335,10900000.0,-0.020499999999999997
2020-03-26,2.3248,2.2965,2.3409,2.2621,8830000.0,0.012199999999999999
2020-03-27,2.1926,2.3246,2.3647,2.1926,11900000.0,-0.056900000000000006
2020-03-28,2.1982,2.1681,2.2354,2.0945,12970000.0,0.0026
2020-03-29,2.114,2.2095,2.2148,2.1014,6940000.0,-0.0383
2020-03-30,2.2265,2.1152,2.2738,2.109,9210000.0,0.053200000000000004
2020-03-31,2.2079,2.2258,2.2537,2.185,6840000.0,-0.0084
2020-04-01,2.2547,2.212,2.2747,2.1521,10420000.0,0.0212
2020-04-02,2.2899,2.2668,2.4729,2.2544,14720000.0,0.015600000000000001
2020-04-03,2.3324,2.2859,2.3827,2.2757,9490000.0,0.018600000000000002
2020-04-04,2.3568,2.3312,2.397,2.2868,8090000.0,0.0105
2020-04-05,2.3499,2.3607,2.3869,2.3161,5090000.0,-0.0029
2020-04-06,2.7612,2.3505,2.7633,2.3505,18770000.0,0.175
2020-04-07,2.6332,2.7552,2.8199,2.553,15230000.0,-0.0464
2020-04-08,2.7478,2.6308,2.7929,2.5859,12810000.0,0.0435
2020-04-09,2.725,2.7439,2.7591,2.686,5850000.0,-0.0083
2020-04-10,2.4937,2.7269,2.7457,2.423,13460000.0,-0.0849
2020-04-11,2.5104,2.5003,2.5454,2.4226,6400000.0,0.0067
2020-04-12,2.495,2.5072,2.5892,2.4571,6690000.0,-0.0060999999999999995
2020-04-13,2.4414,2.4855,2.4855,2.3489,12270000.0,-0.0215
2020-04-14,2.4648,2.4428,2.5017,2.4146,5430000.0,0.0096
2020-04-15,2.4015,2.4618,2.4967,2.3928,6870000.0,-0.025699999999999997
2020-04-16,2.6557,2.3839,2.7159,2.3406,16559999.999999998,0.1059
2020-04-17,2.6129,2.6574,2.6722,2.5849,7850000.0,-0.0161
2020-04-18,2.7279,2.6191,2.7615,2.6146,7750000.0,0.044000000000000004
2020-04-19,2.5955,2.7266,2.7334,2.5547,11320000.0,-0.048499999999999995
2020-04-20,2.507,2.5987,2.6896,2.4401,16420000.000000002,-0.0341
2020-04-21,2.5199,2.5031,2.5658,2.4841,8400000.0,0.0051
2020-04-22,2.6237,2.5205,2.6493,2.5067,6240000.0,0.0412
2020-04-23,2.6808,2.624,2.7423,2.5805,9410000.0,0.0218
2020-04-24,2.7062,2.6749,2.7367,2.6691,8039999.999999999,0.0095
2020-04-25,2.7034,2.7061,2.799,2.6705,8870000.0,-0.001
2020-04-26,2.7369,2.6997,2.7771,2.6832,8180000.0,0.0124
2020-04-27,2.7411,2.7381,2.8102,2.6893,12010000.0,0.0015
2020-04-28,2.7668,2.7446,2.7726,2.6882,8620000.0,0.009399999999999999
2020-04-29,3.003,2.762,3.0887,2.7581,21930000.0,0.08539999999999999
2020-04-30,2.8225,3.0072,3.1087,2.7586,19750000.0,-0.0601
2020-05-01,2.8717,2.8247,2.927,2.8228,8740000.0,0.0174
2020-05-02,2.9397,2.8698,2.9484,2.8545,6570000.0,0.023700000000000002
2020-05-03,2.838,2.9409,3.0079,2.7866,10310000.0,-0.0346
2020-05-04,2.7712,2.8406,2.844,2.6364,11590000.0,-0.0235
2020-05-05,2.7713,2.771,2.8261,2.7211,6470000.0,0.0
2020-05-06,2.6473,2.773,2.819,2.6473,8100000.0,-0.0447
2020-05-07,2.7553,2.6419,2.788,2.6053,13490000.0,0.0408
2020-05-08,2.753,2.7588,2.8223,2.701,9480000.0,-0.0008
2020-05-09,2.7538,2.7532,2.8298,2.7358,9220000.0,0.0003
2020-05-10,2.4479,2.7486,2.7508,2.297,20140000.0,-0.11109999999999999
2020-05-11,2.4079,2.4461,2.4876,2.2787,12900000.0,-0.0163
2020-05-12,2.4404,2.3966,2.4617,2.3953,7400000.0,0.013500000000000002
2020-05-13,2.5236,2.4402,2.5543,2.423,7230000.0,0.0341
2020-05-14,2.6228,2.5247,2.649,2.475,11040000.0,0.0393
2020-05-15,2.5869,2.6265,2.6581,2.5352,11750000.0,-0.0137
2020-05-16,2.6346,2.5843,2.6804,2.5709,9970000.0,0.0184
2020-05-17,2.6196,2.6281,2.6709,2.5982,6920000.0,-0.005699999999999999
2020-05-18,2.6653,2.6206,2.7402,2.6123,11150000.0,0.0174
2020-05-19,2.6558,2.6617,2.6682,2.5853,7460000.0,-0.0036
2020-05-20,2.597,2.6543,2.673,2.5416,10300000.0,-0.022099999999999998
2020-05-21,2.4611,2.5949,2.6159,2.4176,8359999.999999999,-0.052300000000000006
2020-05-22,2.5954,2.4616,2.6331,2.4433,9740000.0,0.0546
2020-05-23,2.5624,2.5956,2.6209,2.5452,6940000.0,-0.0127
2020-05-24,2.4929,2.563,2.6037,2.4927,8100000.0,-0.0271
2020-05-25,2.5286,2.4788,2.5457,2.4547,5040000.0,0.0143
2020-05-26,2.5033,2.5304,2.5364,2.4602,4360000.0,-0.01
2020-05-27,2.5715,2.5035,2.5766,2.5,5430000.0,0.027200000000000002
2020-05-28,2.61,2.569,2.6183,2.5207,5580000.0,0.015
2020-05-29,2.6138,2.6121,2.668,2.5944,6000000.0,0.0015
2020-05-30,2.7726,2.6171,2.7762,2.5982,8050000.000000001,0.0608
2020-05-31,2.6742,2.7682,2.7693,2.6533,8790000.0,-0.0355
2020-06-01,2.8205,2.6689,2.8276,2.668,9830000.0,0.0547
2020-06-02,2.6778,2.8255,2.8916,2.5924,13950000.0,-0.0506
2020-06-03,2.6958,2.6738,2.7026,2.6341,6620000.0,0.0067
2020-06-04,2.7201,2.6972,2.7479,2.6735,6330000.0,0.009000000000000001
2020-06-05,2.8145,2.7206,2.864,2.7135,9930000.0,0.0347
2020-06-06,2.7992,2.8141,2.8444,2.7775,6960000.0,-0.0054
2020-06-07,2.8098,2.7982,2.827,2.7381,6970000.0,0.0038
2020-06-08,2.7887,2.8093,2.817,2.7535,5800000.0,-0.0075
2020-06-09,2.7492,2.7892,2.7986,2.7078,6670000.0,-0.014199999999999999
2020-06-10,2.7562,2.7514,2.7796,2.7134,5910000.0,0.0025
2020-06-11,2.5193,2.7574,2.7724,2.44,11330000.0,-0.086
2020-06-12,2.5969,2.5107,2.6226,2.4876,6370000.0,0.0308
2020-06-13,2.6044,2.596,2.6184,2.5592,3760000.0,0.0029
2020-06-14,2.5682,2.6056,2.6056,2.5314,3730000.0,-0.0139
2020-06-15,2.5319,2.5684,2.5699,2.4287,7700000.0,-0.0141
2020-06-16,2.554,2.5309,2.563,2.5216,4330000.0,0.0087
2020-06-17,2.5685,2.5551,2.6013,2.5235,6090000.0,0.005699999999999999
2020-06-18,2.5369,2.568,2.5733,2.5012,4360000.0,-0.0123
2020-06-19,2.5245,2.5362,2.55,2.5034,4670000.0,-0.0049
2020-06-20,2.5364,2.5253,2.558,2.473,5180000.0,0.004699999999999999
2020-06-21,2.5137,2.5381,2.552,2.5107,3710000.0,-0.0089
2020-06-22,2.5862,2.511,2.6014,2.5103,6510000.0,0.0288
2020-06-23,2.5714,2.5867,2.5959,2.5588,4780000.0,-0.005699999999999999
2020-06-24,2.4993,2.5711,2.5975,2.4595,7250000.0,-0.027999999999999997
2020-06-25,2.48,2.5,2.5276,2.4428,4620000.0,-0.0077
2020-06-26,2.4806,2.4785,2.5084,2.3944,6750000.0,0.0002
2020-06-27,2.3317,2.4809,2.4846,2.2072,8650000.0,-0.06
2020-06-28,2.3679,2.331,2.4007,2.3039,4710000.0,0.0155
2020-06-29,2.3796,2.3679,2.4131,2.3269,6460000.0,0.0049
2020-06-30,2.3664,2.3805,2.3877,2.3449,3470000.0,-0.0055000000000000005
2020-07-01,2.3769,2.3673,2.402,2.3561,5460000.0,0.0044
2020-07-02,2.3572,2.3757,2.3862,2.3067,6920000.0,-0.0083
2020-07-03,2.4179,2.3578,2.453,2.3504,7830000.0,0.0258
2020-07-04,2.4599,2.4135,2.4929,2.4131,6970000.0,0.0174
2020-07-05,2.4133,2.4591,2.4701,2.3908,7010000.0,-0.0189
2020-07-06,2.6081,2.4077,2.6081,2.4077,10580000.0,0.08070000000000001
2020-07-07,2.5586,2.6102,2.6102,2.5373,7190000.0,-0.019
2020-07-08,2.6799,2.5617,2.6864,2.5556,12300000.0,0.047400000000000005
2020-07-09,2.6489,2.677,2.7166,2.6112,11450000.0,-0.0116
2020-07-10,2.6208,2.6486,2.6486,2.6025,6880000.0,-0.0106
2020-07-11,2.6195,2.6224,2.63,2.595,5560000.0,-0.0005
2020-07-12,2.6187,2.6191,2.6329,2.592,5940000.0,-0.0003
2020-07-13,2.5541,2.6173,2.6385,2.5476,10450000.0,-0.024700000000000003
2020-07-14,2.559,2.5532,2.5663,2.5265,5670000.0,0.0019
2020-07-15,2.5365,2.5585,2.5585,2.5323,4750000.0,-0.0088
2020-07-16,2.5,2.5362,2.5415,2.4633,6220000.0,-0.0144
2020-07-17,2.4959,2.5,2.5076,2.4898,3730000.0,-0.0016
2020-07-18,2.5027,2.4948,2.5096,2.4907,3100000.0,0.0027
2020-07-19,2.5825,2.5018,2.5948,2.4854,6840000.0,0.0319
2020-07-20,2.5623,2.5859,2.6,2.558,6610000.0,-0.0078000000000000005
2020-07-21,2.6221,2.5612,2.6279,2.5612,6310000.0,0.0233
2020-07-22,2.6581,2.6203,2.6621,2.5894,6030000.0,0.0137
2020-07-23,2.6536,2.6599,2.671,2.6399,7610000.0,-0.0017000000000000001
2020-07-24,2.5936,2.652,2.652,2.5936,6510000.0,-0.0226
2020-07-25,2.7267,2.595,2.7297,2.595,11330000.0,0.0513
2020-07-26,2.712,2.7287,2.7938,2.7022,13600000.0,-0.0054
2020-07-27,2.845,2.7122,2.8739,2.693,22240000.0,0.049
2020-07-28,2.9972,2.8514,3.0258,2.8112,20490000.0,0.0535
2020-07-29,3.0191,2.9948,3.1217,2.9948,17120000.0,0.0073
2020-07-30,3.047,2.992,3.0532,2.9859,12150000.0,0.0092
2020-07-31,3.0945,3.0546,3.1153,3.0313,9310000.0,0.015600000000000001
2020-08-01,3.3066,3.0932,3.3066,3.0932,17450000.0,0.06849999999999999
2020-08-02,2.9438,3.3016,3.4604,2.9404,33570000.0,-0.1097
2020-08-03,3.0429,2.946,3.1106,2.946,16219999.999999998,0.0337
2020-08-04,3.0366,3.0482,3.0856,3.001,13310000.0,-0.0021
2020-08-05,3.0552,3.0368,3.0716,3.0214,11350000.0,0.0060999999999999995
2020-08-06,3.0899,3.05,3.1318,3.0199,15130000.0,0.011399999999999999
2020-08-07,3.0105,3.0892,3.2093,2.9354,21170000.0,-0.025699999999999997
2020-08-08,3.0664,3.0093,3.0664,2.9955,8400000.0,0.018600000000000002
2020-08-09,3.0292,3.0652,3.0652,2.9886,8260000.0,-0.0121
2020-08-10,3.2367,3.028,3.2367,3.028,20700000.0,0.06849999999999999
2020-08-11,3.0056,3.2341,3.2361,2.9625,20550000.0,-0.07139999999999999
2020-08-12,3.0254,3.0029,3.0293,2.9719,11780000.0,0.0066
2020-08-13,3.1327,3.0228,3.1327,2.9595,13740000.0,0.0355
2020-08-14,3.2601,3.1362,3.27,3.106,17730000.0,0.0407
2020-08-15,3.7301,3.2625,3.7576,3.2625,42350000.0,0.1442
2020-08-16,3.8783,3.7228,3.8783,3.6856,37620000.0,0.0397
2020-08-17,3.7709,3.8845,3.8922,3.7668,26000000.0,-0.0277
2020-08-18,3.5757,3.7746,3.7916,3.5728,22420000.0,-0.0518
2020-08-19,3.3479,3.5805,3.5805,3.274,27860000.0,-0.0637
2020-08-20,3.4403,3.3495,3.4492,3.3495,12570000.0,0.0276
2020-08-21,3.247,3.4426,3.5717,3.247,28920000.0,-0.0562
2020-08-22,3.3635,3.2501,3.3635,3.2111,14920000.0,0.0359
2020-08-23,3.3194,3.362,3.3664,3.2535,9520000.0,-0.0131
2020-08-24,3.3878,3.3245,3.3947,3.3043,10280000.0,0.0206
2020-08-25,3.1204,3.3854,3.3854,3.0403,20090000.0,-0.0789
2020-08-26,3.113,3.1215,3.1441,3.0668,12440000.0,-0.0024
2020-08-27,2.9756,3.1176,3.1409,2.9189,18790000.0,-0.0441
2020-08-28,3.1165,2.9824,3.1496,2.9824,13640000.0,0.047400000000000005
2020-08-29,3.1273,3.1142,3.1816,3.0991,8740000.0,0.0034999999999999996
2020-08-30,3.2662,3.1274,3.2662,3.1274,10980000.0,0.0444
2020-08-31,3.2092,3.2575,3.272,3.2092,9820000.0,-0.0175
2020-09-01,3.4731,3.2118,3.4867,3.1846,18250000.0,0.08220000000000001
2020-09-02,3.1044,3.4728,3.4728,3.064,30240000.0,-0.10619999999999999
2020-09-03,2.6171,3.1047,3.1246,2.6171,37780000.0,-0.157
2020-09-04,2.9975,2.6236,3.056,2.6236,58010000.0,0.1454
2020-09-05,2.9347,3.0032,3.1118,2.8765,57840000.0,-0.021
2020-09-06,2.9021,2.9397,2.9536,2.8645,20460000.0,-0.0111
2020-09-07,2.8518,2.9024,2.9107,2.6801,20520000.0,-0.0173
2020-09-08,2.7626,2.8586,2.8586,2.7041,17450000.0,-0.0313
2020-09-09,2.75,2.7656,2.8024,2.7003,10620000.0,-0.0046
2020-09-10,2.7768,2.7481,2.7934,2.7481,11800000.0,0.0097
2020-09-11,2.7839,2.7766,2.8093,2.7455,10950000.0,0.0026
2020-09-12,2.8037,2.785,2.817,2.768,7890000.0,0.0070999999999999995
2020-09-13,2.7361,2.8082,2.8162,2.7336,10610000.0,-0.0241
2021-07-21,3.4999,3.3784,3.5668,3.3646,25460000.0,0.2792
2021-07-22,3.5654,3.494,3.5775,3.4299,18140000.0,0.0187
2021-07-23,3.6314,3.5565,3.641,3.4577,13930000.0,0.018500000000000003
2021-07-24,3.6465,3.6342,3.6877,3.615,12830000.0,0.0042
2021-07-25,3.6588,3.6028,3.6588,3.553,13740000.0,0.0034000000000000002
2021-07-26,3.6823,3.6596,3.984,3.6384,32960000.0,0.0064
2021-07-27,3.76,3.6785,3.7889,3.6057,19660000.0,0.021099999999999997
2021-07-28,3.9204,3.7559,4.0072,3.6928,29420000.0,0.042699999999999995
2021-07-29,3.9648,3.9129,3.9849,3.8053,14220000.0,0.0113
2021-07-30,4.0656,3.967,4.0704,3.7914,17400000.0,0.0254
2021-07-31,4.0643,4.071,4.1929,4.0089,23160000.0,-0.0003
2021-08-01,3.9441,4.0691,4.2319,3.8747,24940000.0,-0.0296
2021-08-02,4.0265,3.9409,4.155,3.8977,18520000.0,0.0209
2021-08-03,4.0221,4.0231,4.0877,3.87,15680000.0,-0.0011
2021-08-04,4.1117,4.0208,4.1515,3.9289,14850000.0,0.0223
2021-08-05,4.1868,4.1143,4.2139,3.9547,21480000.0,0.0183
2021-08-06,4.3186,4.189,4.3509,4.1043,23040000.0,0.0315
2021-08-07,4.5957,4.3211,4.6409,4.2824,28820000.0,0.0642
2021-08-08,4.2957,4.5903,4.6607,4.2336,23640000.0,-0.0653
2021-08-09,4.534,4.2947,4.5633,4.1629,21600000.0,0.0555
2021-08-10,4.598,4.5316,4.7086,4.415,21690000.0,0.0141
2021-08-11,4.7543,4.596,4.975,4.592,28340000.0,0.034
2021-08-12,4.6545,4.7492,5.0875,4.5418,32490000.000000004,-0.021
2021-08-13,5.1594,4.6605,5.1617,4.6093,22510000.0,0.1085
2021-08-14,5.4872,5.163,5.5489,5.0573,44500000.0,0.0635
2021-08-15,5.6997,5.4806,5.6997,5.1475,32560000.000000004,0.0387
2021-08-16,5.517,5.6909,5.9381,5.4636,37570000.0,-0.0321
2021-08-17,5.0667,5.5191,5.6739,5.0191,38520000.0,-0.0816
2021-08-18,4.985,5.0601,5.1654,4.7422,31210000.0,-0.0161
2021-08-19,5.2533,4.9797,5.2568,4.8132,25050000.0,0.0538
2021-08-20,5.4625,5.2611,5.4747,5.1887,22330000.0,0.0398
2021-08-21,5.3519,5.4611,5.6283,5.2945,26320000.0,-0.0202
2021-08-22,5.4142,5.3617,5.5382,5.208,21370000.0,0.0116
2021-08-23,5.5946,5.4156,5.6922,5.3652,28120000.0,0.0333
2021-08-24,5.0615,5.5913,5.6875,4.8956,36110000.0,-0.0953
2021-08-25,5.2102,5.058,5.2497,4.9172,26370000.0,0.0294
2021-08-26,4.748,5.2073,5.2745,4.663,29200000.0,-0.08869999999999999
2021-08-27,5.092,4.75,5.092,4.642,24510000.0,0.0725
2021-08-28,5.006,5.091,5.103,4.882,15250000.0,-0.0169
2021-08-29,5.056,5.006,5.238,4.975,21120000.0,0.01
2021-08-30,4.817,5.058,5.077,4.8,15180000.0,-0.0473
2021-08-31,5.042,4.819,5.097,4.755,22320000.0,0.0467
2021-09-01,5.31,5.037,5.329,4.904,22890000.0,0.053200000000000004
2021-09-02,5.258,5.312,5.386,5.19,22120000.0,-0.0098
2021-09-03,5.669,5.255,5.733,5.136,35920000.0,0.0782
2021-09-04,5.691,5.671,5.877,5.565,36200000.0,0.0039000000000000003
2021-09-05,6.293,5.7,6.319,5.541,44790000.0,0.1058
2021-09-06,6.217,6.296,6.415,5.945,41340000.0,-0.0121
2021-09-07,4.869,6.216,6.254,4.33,83980000.0,-0.2168
2021-09-08,4.741,4.893,4.963,4.424,44550000.0,-0.0263
2021-09-09,4.815,4.748,4.95,4.674,32140000.0,0.015600000000000001
2021-09-10,4.562,4.813,5.037,4.474,29960000.0,-0.0525
2021-09-11,4.674,4.565,4.785,4.554,17360000.0,0.0246
2021-09-12,4.878,4.669,4.944,4.576,25600000.0,0.0436
2021-09-13,4.741,4.878,4.942,4.489,35830000.0,-0.0281
2021-09-14,4.859,4.741,4.878,4.704,21290000.0,0.024900000000000002
2021-09-15,5.103,4.863,5.151,4.776,23100000.0,0.050199999999999995
2021-09-16,5.017,5.104,5.176,4.892,23140000.0,-0.0169
2021-09-17,5.249,5.017,5.507,4.95,50140000.0,0.0462
2021-09-18,5.47,5.252,5.497,5.105,32810000.000000004,0.0421
2021-09-19,4.91,5.467,5.497,4.864,24530000.0,-0.1024
2021-09-20,4.199,4.91,4.921,4.098,52770000.0,-0.1448
2021-09-21,3.885,4.199,4.308,3.794,42820000.0,-0.0748
2021-09-22,4.302,3.886,4.325,3.808,25440000.0,0.1073
2021-09-23,4.373,4.3,4.388,4.196,18860000.0,0.0165
2021-09-24,4.028,4.371,4.387,3.787,33850000.0,-0.0789
2021-09-25,4.011,4.031,4.093,3.907,17590000.0,-0.0042
2021-09-26,3.969,4.009,4.136,3.674,31790000.0,-0.0105
2021-09-27,3.828,3.971,4.108,3.824,20150000.0,-0.0355
2021-09-28,3.686,3.826,3.897,3.663,19210000.0,-0.0371
2021-09-29,3.745,3.679,3.866,3.639,14600000.0,0.016
2021-09-30,3.938,3.743,3.942,3.721,14070000.0,0.051500000000000004
2021-10-01,4.274,3.94,4.289,3.907,25550000.0,0.08529999999999999
2021-10-02,4.323,4.274,4.458,4.193,16430000.0,0.0115
2021-10-03,4.366,4.326,4.389,4.223,16200000.0,0.009899999999999999
