Date,Close,Open,High,Low,Change
2016-10-12,1.615,1.615,1.615,1.615,-0.0212
2016-10-13,1.565,1.565,1.565,1.565,-0.031
2016-10-14,1.595,1.595,1.595,1.595,0.0192
2016-10-17,1.675,1.675,1.675,1.675,0.050199999999999995
2016-10-18,1.655,1.655,1.655,1.655,-0.011899999999999999
2016-10-19,1.661,1.66,1.661,1.66,0.0036
2016-10-20,1.655,1.655,1.655,1.655,-0.0036
2016-10-21,1.677,1.677,1.677,1.677,0.013300000000000001
2016-10-24,1.649,1.65,1.65,1.649,-0.0167
2016-10-25,1.68,1.68,1.68,1.68,0.018799999999999997
2016-10-26,1.691,1.692,1.692,1.691,0.006500000000000001
2016-10-27,1.71,1.71,1.71,1.71,0.011200000000000002
2016-10-28,1.782,1.782,1.782,1.782,0.0421
2016-10-31,1.755,1.755,1.755,1.755,-0.0152
2016-11-01,1.817,1.817,1.817,1.817,0.0353
2016-11-02,1.79,1.79,1.79,1.79,-0.0149
2016-11-03,1.778,1.777,1.778,1.777,-0.0067
2016-11-04,1.811,1.812,1.812,1.811,0.018600000000000002
2016-11-07,1.825,1.825,1.825,1.825,0.0077
2016-11-08,1.81,1.81,1.81,1.81,-0.008199999999999999
2016-11-09,1.761,1.76,1.761,1.76,-0.0271
2016-11-10,1.958,1.957,1.958,1.957,0.1119
2016-11-11,2.052,2.052,2.052,2.052,0.048
2016-11-14,2.223,2.222,2.224,2.222,0.0833
2016-11-15,2.145,2.142,2.145,2.142,-0.0351
2016-11-16,2.223,2.222,2.223,2.222,0.0364
2016-11-17,2.142,2.142,2.142,2.142,-0.0364
2016-11-18,2.222,2.222,2.222,2.222,0.0373
2016-11-21,2.232,2.232,2.232,2.232,0.0045000000000000005
2016-11-22,2.242,2.242,2.242,2.242,0.0045000000000000005
2016-11-23,2.212,2.212,2.212,2.212,-0.0134
2016-11-24,2.272,2.272,2.272,2.272,0.0271
2016-11-25,2.253,2.252,2.253,2.252,-0.0084
2016-11-28,2.196,2.253,2.253,2.196,-0.0253
2016-11-29,2.155,2.157,2.157,2.155,-0.0187
2016-11-30,2.144,2.145,2.145,2.143,-0.0051
2016-12-01,2.2,2.2,2.2,2.2,0.026099999999999998
2016-12-02,2.265,2.265,2.265,2.265,0.029500000000000002
2016-12-05,2.18,2.18,2.18,2.18,-0.0375
2016-12-06,2.187,2.187,2.187,2.187,0.0032
2016-12-07,2.185,2.185,2.185,2.185,-0.0009
2016-12-08,2.159,2.16,2.16,2.159,-0.011899999999999999
2016-12-09,2.181,2.18,2.181,2.18,0.0102
2016-12-12,2.237,2.237,2.237,2.237,0.025699999999999997
2016-12-13,2.2,2.2,2.2,2.2,-0.0165
2016-12-14,2.136,2.137,2.137,2.136,-0.0291
2016-12-15,2.19,2.19,2.19,2.19,0.0253
2016-12-16,2.185,2.185,2.185,2.185,-0.0023
2016-12-19,2.215,2.215,2.215,2.215,0.0137
2016-12-20,2.215,2.215,2.215,2.215,0.0
2016-12-21,2.129,2.215,2.215,2.129,-0.0388
2016-12-22,2.152,2.152,2.152,2.152,0.0108
2016-12-23,2.185,2.185,2.185,2.185,0.015300000000000001
2016-12-26,2.185,2.185,2.185,2.185,0.0
2016-12-27,2.205,2.205,2.205,2.205,0.0092
2016-12-28,2.175,2.175,2.175,2.175,-0.013600000000000001
2016-12-29,2.195,2.195,2.195,2.195,0.0092
2016-12-30,2.195,2.195,2.195,2.195,0.0
2017-01-02,2.16,2.16,2.16,2.16,-0.0159
2017-01-03,2.185,2.185,2.185,2.185,0.0116
2017-01-04,2.18,2.18,2.18,2.18,-0.0023
2017-01-05,2.15,2.15,2.15,2.15,-0.0138
2017-01-06,2.185,2.185,2.185,2.185,0.0163
2017-01-09,2.198,2.197,2.198,2.197,0.0059
2017-01-10,2.152,2.152,2.152,2.152,-0.0209
2017-01-11,2.179,2.18,2.18,2.179,0.0125
2017-01-12,2.114,2.115,2.115,2.114,-0.0298
2017-01-13,2.122,2.122,2.122,2.122,0.0038
2017-01-16,2.16,2.16,2.16,2.16,0.0179
2017-01-17,2.162,2.162,2.162,2.162,0.0009
2017-01-18,2.185,2.185,2.185,2.185,0.0106
2017-01-19,2.221,2.222,2.222,2.221,0.0165
2017-01-20,2.197,2.197,2.197,2.197,-0.0108
2017-01-23,2.177,2.177,2.177,2.177,-0.0091
2017-01-24,2.149,2.15,2.15,2.148,-0.0129
2017-01-25,2.18,2.18,2.18,2.18,0.0144
2017-01-26,2.236,2.237,2.237,2.236,0.025699999999999997
2017-01-31,2.217,2.217,2.217,2.217,-0.0085
2017-02-01,2.23,2.23,2.23,2.23,0.0059
2017-02-02,2.225,2.225,2.225,2.225,-0.0022
2017-02-03,2.25,2.25,2.25,2.25,0.011200000000000002
2017-02-06,2.232,2.232,2.232,2.232,-0.008
2017-02-07,2.195,2.195,2.195,2.195,-0.0166
2017-02-08,2.177,2.177,2.177,2.177,-0.008199999999999999
2017-02-09,2.19,2.19,2.19,2.19,0.006
2017-02-10,2.18,2.18,2.18,2.18,-0.0046
2017-02-13,2.19,2.19,2.19,2.19,0.0046
2017-02-14,2.177,2.177,2.177,2.177,-0.0059
2017-02-15,2.188,2.187,2.188,2.187,0.0051
2017-02-16,2.185,2.185,2.185,2.185,-0.0014000000000000002
2017-02-17,2.185,2.185,2.185,2.185,0.0
2017-02-20,2.23,2.23,2.23,2.23,0.0206
2017-02-21,2.265,2.265,2.265,2.265,0.015700000000000002
2017-02-22,2.3,2.3,2.3,2.3,0.0155
2017-02-23,2.25,2.25,2.25,2.25,-0.0217
2017-02-24,2.235,2.235,2.235,2.235,-0.0067
2017-02-27,2.228,2.227,2.228,2.227,-0.0031
2017-02-28,2.224,2.222,2.224,2.222,-0.0018
2017-03-02,2.284,2.285,2.285,2.284,0.027000000000000003
2017-03-03,2.273,2.272,2.273,2.272,-0.0048
2017-03-06,2.31,2.312,2.312,2.31,0.0163
2017-03-07,2.389,2.39,2.39,2.388,0.0342
2017-03-08,2.362,2.36,2.362,2.36,-0.0113
2017-03-09,2.375,2.377,2.377,2.375,0.0055000000000000005
2017-03-10,2.35,2.35,2.35,2.35,-0.0105
2017-03-13,2.331,2.33,2.331,2.33,-0.008100000000000001
2017-03-14,2.331,2.33,2.331,2.33,0.0
2017-03-15,2.296,2.297,2.297,2.296,-0.015
2017-03-16,2.221,2.22,2.221,2.22,-0.0327
2017-03-17,2.209,2.21,2.21,2.208,-0.0054
2017-03-20,2.257,2.257,2.257,2.256,0.0217
2017-03-21,2.258,2.26,2.26,2.258,0.0004
2017-03-22,2.24,2.24,2.24,2.24,-0.008
2017-03-23,2.25,2.25,2.25,2.25,0.0045000000000000005
2017-03-24,2.292,2.292,2.292,2.292,0.0187
2017-03-27,2.33,2.33,2.33,2.33,0.0166
2017-03-28,2.325,2.325,2.325,2.325,-0.0021
2017-03-29,2.322,2.322,2.322,2.322,-0.0013
2017-03-30,2.36,2.322,2.36,2.322,0.016399999999999998
2017-03-31,2.38,2.38,2.38,2.38,0.0085
2017-04-03,2.337,2.337,2.337,2.337,-0.0181
2017-04-04,2.292,2.292,2.292,2.292,-0.019299999999999998
2017-04-05,2.29,2.29,2.29,2.29,-0.0009
2017-04-06,2.325,2.325,2.325,2.325,0.015300000000000001
2017-04-07,2.322,2.322,2.322,2.322,-0.0013
2017-04-10,2.382,2.382,2.382,2.382,0.0258
2017-04-11,2.352,2.382,2.382,2.352,-0.0126
2017-04-12,2.338,2.337,2.338,2.337,-0.006
2017-04-13,2.31,2.31,2.31,2.31,-0.012
2017-04-14,2.313,2.312,2.313,2.312,0.0013
2017-04-17,2.307,2.307,2.307,2.307,-0.0026
2017-04-18,2.307,2.307,2.307,2.307,0.0
2017-04-19,2.294,2.292,2.294,2.292,-0.005600000000000001
2017-04-20,2.315,2.315,2.315,2.315,0.0092
2017-04-21,2.335,2.335,2.335,2.335,0.0086
2017-04-24,2.37,2.37,2.37,2.37,0.015
2017-04-25,2.36,2.36,2.36,2.36,-0.0042
2017-04-26,2.365,2.365,2.365,2.365,0.0021
2017-04-27,2.37,2.37,2.37,2.37,0.0021
2017-04-28,2.367,2.367,2.367,2.367,-0.0013
2017-05-02,2.406,2.407,2.407,2.406,0.0165
2017-05-04,2.385,2.385,2.385,2.385,-0.0087
2017-05-08,2.405,2.405,2.405,2.405,0.0084
2017-05-10,2.455,2.455,2.455,2.455,0.0208
2017-05-11,2.457,2.457,2.457,2.457,0.0008
2017-05-12,2.45,2.45,2.45,2.45,-0.0028000000000000004
2017-05-15,2.465,2.465,2.465,2.465,0.0060999999999999995
2017-05-16,2.462,2.462,2.462,2.462,-0.0012
2017-05-17,2.409,2.41,2.41,2.409,-0.0215
2017-05-18,2.405,2.405,2.405,2.405,-0.0017000000000000001
2017-05-19,2.402,2.402,2.402,2.402,-0.0012
2017-05-22,2.445,2.445,2.445,2.445,0.0179
2017-05-23,2.43,2.43,2.43,2.43,-0.0060999999999999995
2017-05-24,2.44,2.44,2.44,2.44,0.0040999999999999995
2017-05-25,2.405,2.405,2.405,2.405,-0.0143
2017-05-26,2.4,2.4,2.4,2.4,-0.0021
2017-05-29,2.4,2.4,2.4,2.4,0.0
2017-05-30,2.377,2.377,2.377,2.377,-0.0096
2017-05-31,2.39,2.39,2.39,2.39,0.0055000000000000005
2017-06-01,2.365,2.367,2.367,2.365,-0.0105
2017-06-02,2.37,2.37,2.37,2.37,0.0021
2017-06-05,2.35,2.35,2.35,2.35,-0.0084
2017-06-07,2.31,2.31,2.31,2.31,-0.017
2017-06-08,2.312,2.312,2.312,2.312,0.0009
2017-06-09,2.307,2.307,2.307,2.307,-0.0022
2017-06-12,2.342,2.342,2.342,2.342,0.0152
2017-06-13,2.29,2.29,2.29,2.29,-0.0222
2017-06-14,2.28,2.28,2.28,2.28,-0.0044
2017-06-15,2.222,2.222,2.222,2.222,-0.0254
2017-06-16,2.26,2.26,2.26,2.26,0.0171
2017-06-19,2.267,2.267,2.267,2.267,0.0031
2017-06-20,2.25,2.25,2.25,2.25,-0.0075
2017-06-21,2.23,2.23,2.231,2.23,-0.0089
2017-06-22,2.23,2.23,2.23,2.23,0.0
2017-06-23,2.21,2.21,2.21,2.21,-0.009000000000000001
2017-06-26,2.207,2.207,2.207,2.207,-0.0014000000000000002
2017-06-27,2.21,2.21,2.21,2.21,0.0014000000000000002
2017-06-28,2.26,2.26,2.26,2.26,0.0226
2017-06-29,2.282,2.282,2.282,2.282,0.0097
2017-06-30,2.317,2.317,2.317,2.317,0.015300000000000001
2017-07-03,2.335,2.335,2.335,2.335,0.0078000000000000005
2017-07-04,2.375,2.375,2.375,2.375,0.0171
2017-07-05,2.375,2.375,2.375,2.375,0.0
2017-07-06,2.37,2.37,2.37,2.37,-0.0021
2017-07-07,2.377,2.377,2.377,2.377,0.003
2017-07-10,2.345,2.345,2.345,2.345,-0.013500000000000002
2017-07-11,2.336,2.337,2.337,2.336,-0.0038
2017-07-12,2.327,2.327,2.327,2.327,-0.0039000000000000003
2017-07-13,2.297,2.297,2.297,2.297,-0.0129
2017-07-14,2.297,2.297,2.297,2.297,0.0
2017-07-17,2.322,2.322,2.322,2.322,0.0109
2017-07-18,2.297,2.297,2.297,2.297,-0.0108
2017-07-19,2.3,2.3,2.3,2.3,0.0013
2017-07-20,2.3,2.3,2.3,2.3,0.0
2017-07-21,2.29,2.29,2.29,2.29,-0.0043
2017-07-24,2.29,2.29,2.29,2.29,0.0
2017-07-25,2.269,2.267,2.269,2.267,-0.0092
2017-07-26,2.285,2.285,2.285,2.285,0.0070999999999999995
2017-07-27,2.285,2.285,2.285,2.285,0.0
2017-07-28,2.287,2.287,2.287,2.287,0.0009
2017-07-31,2.29,2.29,2.29,2.29,0.0013
2017-08-01,2.33,2.33,2.33,2.33,0.0175
2017-08-02,2.322,2.322,2.322,2.322,-0.0034000000000000002
2017-08-03,2.329,2.327,2.329,2.327,0.003
2017-08-04,2.35,2.35,2.35,2.35,0.009000000000000001
2017-08-07,2.375,2.375,2.375,2.375,0.0106
2017-08-08,2.375,2.375,2.375,2.375,0.0
2017-08-09,2.395,2.395,2.395,2.395,0.0084
2017-08-10,2.377,2.377,2.377,2.377,-0.0075
2017-08-11,2.355,2.355,2.355,2.355,-0.009300000000000001
2017-08-14,2.345,2.345,2.345,2.345,-0.0042
2017-08-16,2.37,2.37,2.37,2.37,0.010700000000000001
2017-08-17,2.37,2.37,2.37,2.37,0.0
2017-08-18,2.38,2.38,2.38,2.38,0.0042
2017-08-21,2.375,2.375,2.375,2.375,-0.0021
2017-08-22,2.372,2.372,2.372,2.372,-0.0013
2017-08-23,2.375,2.375,2.375,2.375,0.0013
2017-08-24,2.39,2.39,2.39,2.39,0.0063
2017-08-25,2.355,2.355,2.355,2.355,-0.0146
2017-08-28,2.352,2.352,2.352,2.352,-0.0013
2017-08-29,2.345,2.345,2.345,2.345,-0.003
2017-08-30,2.335,2.335,2.335,2.335,-0.0043
2017-08-31,2.34,2.335,2.34,2.335,0.0021
2017-09-01,2.337,2.34,2.34,2.337,-0.0013
2017-09-04,2.375,2.375,2.375,2.375,0.0163
2017-09-05,2.36,2.36,2.36,2.36,-0.0063
2017-09-06,2.325,2.325,2.325,2.325,-0.0148
2017-09-07,2.301,2.325,2.325,2.3,-0.0103
2017-09-08,2.28,2.28,2.28,2.28,-0.0091
2017-09-11,2.295,2.295,2.295,2.295,0.0066
2017-09-12,2.29,2.29,2.29,2.29,-0.0022
2017-09-13,2.287,2.287,2.287,2.287,-0.0013
2017-09-14,2.28,2.28,2.28,2.28,-0.0031
2017-09-15,2.28,2.28,2.28,2.28,0.0
2017-09-18,2.3,2.3,2.3,2.3,0.0088
2017-09-19,2.322,2.322,2.322,2.322,0.0096
2017-09-20,2.302,2.302,2.302,2.302,-0.0086
2017-09-21,2.315,2.315,2.315,2.315,0.005600000000000001
2017-09-22,2.3,2.3,2.3,2.3,-0.006500000000000001
2017-09-25,2.308,2.31,2.31,2.308,0.0034999999999999996
2017-09-26,2.325,2.325,2.325,2.325,0.0074
2017-09-27,2.385,2.385,2.385,2.385,0.0258
2017-09-28,2.39,2.39,2.39,2.39,0.0021
2017-09-29,2.364,2.362,2.364,2.362,-0.0109
2017-10-10,2.395,2.395,2.395,2.395,0.0131
2017-10-11,2.38,2.38,2.38,2.38,-0.0063
2017-10-12,2.36,2.36,2.36,2.36,-0.0084
2017-10-13,2.36,2.36,2.36,2.36,0.0
2017-10-16,2.372,2.36,2.372,2.36,0.0051
2017-10-17,2.38,2.38,2.38,2.38,0.0034000000000000002
2017-10-18,2.375,2.375,2.376,2.375,-0.0021
2017-10-19,2.385,2.385,2.385,2.385,0.0042
2017-10-20,2.37,2.37,2.37,2.37,-0.0063
2017-10-22,2.37,2.37,2.37,2.37,0.0
2017-10-23,2.35,2.35,2.35,2.35,-0.0084
2017-10-24,2.359,2.36,2.36,2.359,0.0038
2017-10-25,2.415,2.415,2.415,2.415,0.023700000000000002
2017-10-26,2.42,2.42,2.42,2.42,0.0021
2017-10-27,2.405,2.405,2.405,2.405,-0.0062
2017-10-29,2.405,2.405,2.405,2.405,0.0
2017-10-30,2.432,2.432,2.432,2.432,0.011200000000000002
2017-10-31,2.522,2.522,2.522,2.522,0.037000000000000005
2017-11-01,2.511,2.51,2.511,2.51,-0.0044
2017-11-02,2.5,2.5,2.5,2.5,-0.0044
2017-11-03,2.505,2.505,2.505,2.505,0.002
2017-11-06,2.52,2.52,2.52,2.52,0.006
2017-11-07,2.5,2.5,2.5,2.5,-0.0079
2017-11-08,2.497,2.497,2.497,2.497,-0.0012
2017-11-09,2.5,2.5,2.5,2.5,0.0012
2017-11-10,2.505,2.505,2.505,2.505,0.002
2017-11-13,2.53,2.53,2.53,2.53,0.01
2017-11-14,2.555,2.555,2.555,2.555,0.009899999999999999
2017-11-15,2.54,2.54,2.54,2.54,-0.0059
2017-11-16,2.545,2.545,2.545,2.545,0.002
2017-11-17,2.54,2.54,2.54,2.54,-0.002
2017-11-20,2.535,2.54,2.54,2.535,-0.002
2017-11-21,2.53,2.53,2.53,2.53,-0.002
2017-11-22,2.522,2.522,2.522,2.522,-0.0032
2017-11-23,2.514,2.515,2.515,2.514,-0.0032
2017-11-24,2.518,2.515,2.518,2.515,0.0016
2017-11-27,2.52,2.52,2.52,2.52,0.0008
2017-11-28,2.42,2.42,2.42,2.42,-0.0397
2017-11-29,2.397,2.397,2.397,2.397,-0.0095
2017-11-30,2.41,2.41,2.41,2.41,0.0054
2017-12-01,2.407,2.407,2.407,2.407,-0.0012
2017-12-04,2.4,2.4,2.4,2.4,-0.0029
2017-12-05,2.415,2.415,2.416,2.415,0.0062
2017-12-06,2.377,2.377,2.377,2.377,-0.015700000000000002
2017-12-07,2.394,2.377,2.395,2.377,0.0072
2017-12-08,2.41,2.41,2.41,2.41,0.0067
2017-12-11,2.425,2.425,2.425,2.425,0.0062
2017-12-12,2.402,2.402,2.402,2.402,-0.0095
2017-12-13,2.411,2.402,2.411,2.402,0.0037
2017-12-14,2.412,2.412,2.412,2.412,0.0004
2017-12-15,2.4,2.4,2.4,2.4,-0.005
2017-12-16,2.4,2.4,2.4,2.4,0.0
2017-12-18,2.4,2.4,2.4,2.4,0.0
2017-12-19,2.396,2.395,2.396,2.395,-0.0017000000000000001
2017-12-20,2.435,2.395,2.435,2.395,0.0163
2017-12-21,2.435,2.435,2.435,2.435,0.0
2017-12-22,2.43,2.43,2.43,2.43,-0.0021
2017-12-26,2.437,2.437,2.437,2.437,0.0029
2017-12-27,2.455,2.455,2.455,2.455,0.0074
2017-12-28,2.44,2.44,2.44,2.44,-0.0060999999999999995
2017-12-29,2.44,2.44,2.44,2.44,0.0
2018-01-02,2.465,2.465,2.465,2.465,0.0102
2018-01-03,2.485,2.485,2.485,2.485,0.008100000000000001
2018-01-04,2.505,2.505,2.505,2.505,0.008
2018-01-05,2.507,2.507,2.507,2.507,0.0008
2018-01-08,2.535,2.535,2.535,2.535,0.011200000000000002
2018-01-09,2.52,2.52,2.52,2.52,-0.0059
2018-01-10,2.56,2.52,2.56,2.52,0.0159
2018-01-11,2.532,2.532,2.532,2.532,-0.0109
2018-01-12,2.532,2.532,2.532,2.532,0.0
2018-01-15,2.551,2.532,2.555,2.532,0.0075
2018-01-16,2.539,2.537,2.539,2.537,-0.004699999999999999
2018-01-17,2.527,2.527,2.527,2.527,-0.004699999999999999
2018-01-18,2.535,2.535,2.535,2.535,0.0032
2018-01-19,2.565,2.565,2.565,2.565,0.0118
2018-01-22,2.572,2.572,2.573,2.572,0.0027
2018-01-23,2.536,2.535,2.537,2.535,-0.013999999999999999
2018-01-24,2.519,2.52,2.52,2.519,-0.0067
2018-01-25,2.526,2.525,2.526,2.525,0.0028000000000000004
2018-01-26,2.549,2.55,2.55,2.548,0.0091
2018-01-29,2.605,2.605,2.605,2.605,0.022000000000000002
2018-01-30,2.705,2.605,2.705,2.605,0.0384
2018-01-31,2.695,2.695,2.695,2.695,-0.0037
2018-02-01,2.682,2.695,2.695,2.682,-0.0048
2018-02-02,2.695,2.695,2.695,2.695,0.0048
2018-02-05,2.74,2.695,2.74,2.695,0.0167
2018-02-06,2.7,2.74,2.74,2.7,-0.0146
2018-02-07,2.67,2.67,2.67,2.67,-0.0111
2018-02-08,2.678,2.68,2.68,2.678,0.003
2018-02-09,2.705,2.705,2.705,2.705,0.0101
2018-02-12,2.725,2.725,2.725,2.725,0.0074
2018-02-13,2.705,2.705,2.705,2.705,-0.0073
2018-02-14,2.692,2.692,2.692,2.692,-0.0048
2018-02-18,2.692,2.692,2.692,2.692,0.0
2018-02-19,2.72,2.72,2.721,2.72,0.0104
2018-02-20,2.742,2.742,2.742,2.742,0.008100000000000001
2018-02-21,2.732,2.732,2.732,2.732,-0.0036
2018-02-22,2.752,2.752,2.752,2.752,0.0073
2018-02-23,2.776,2.777,2.777,2.776,0.0087
2018-02-26,2.73,2.73,2.73,2.73,-0.0166
2018-02-27,2.72,2.72,2.72,2.72,-0.0037
2018-02-28,2.728,2.727,2.728,2.727,0.0029
2018-03-01,2.728,2.728,2.728,2.728,0.0
2018-03-02,2.745,2.745,2.745,2.745,0.0062
2018-03-05,2.717,2.717,2.717,2.717,-0.0102
2018-03-06,2.754,2.755,2.755,2.753,0.013600000000000001
2018-03-07,2.732,2.732,2.732,2.732,-0.008
2018-03-08,2.725,2.725,2.725,2.725,-0.0026
2018-03-09,2.733,2.732,2.733,2.732,0.0029
2018-03-12,2.753,2.752,2.754,2.752,0.0073
2018-03-13,2.742,2.742,2.742,2.742,-0.004
2018-03-14,2.696,2.697,2.697,2.696,-0.0168
2018-03-15,2.64,2.64,2.64,2.64,-0.0208
2018-03-16,2.64,2.64,2.64,2.64,0.0
2018-03-19,2.662,2.662,2.662,2.662,0.0083
2018-03-20,2.66,2.66,2.66,2.66,-0.0008
2018-03-21,2.646,2.647,2.647,2.646,-0.0053
2018-03-22,2.627,2.646,2.646,2.627,-0.0072
2018-03-23,2.605,2.605,2.605,2.605,-0.0084
2018-03-26,2.652,2.652,2.652,2.652,0.018000000000000002
2018-03-27,2.63,2.63,2.631,2.63,-0.0083
2018-03-28,2.603,2.605,2.605,2.603,-0.0103
2018-03-29,2.597,2.597,2.597,2.597,-0.0023
2018-03-30,2.605,2.605,2.605,2.605,0.0031
2018-04-02,2.625,2.625,2.625,2.625,0.0077
2018-04-03,2.665,2.665,2.665,2.665,0.0152
2018-04-04,2.642,2.642,2.642,2.642,-0.0086
2018-04-05,2.645,2.642,2.645,2.642,0.0011
2018-04-06,2.621,2.622,2.622,2.621,-0.0091
2018-04-09,2.618,2.617,2.618,2.617,-0.0011
2018-04-10,2.616,2.617,2.617,2.616,-0.0008
2018-04-11,2.61,2.61,2.61,2.61,-0.0023
2018-04-12,2.595,2.595,2.595,2.595,-0.005699999999999999
2018-04-13,2.605,2.605,2.605,2.605,0.0039000000000000003
2018-04-16,2.625,2.625,2.625,2.625,0.0077
2018-04-17,2.625,2.625,2.625,2.625,0.0
2018-04-18,2.632,2.632,2.632,2.632,0.0027
2018-04-19,2.647,2.647,2.647,2.647,0.005699999999999999
2018-04-20,2.672,2.672,2.672,2.672,0.009399999999999999
2018-04-22,2.672,2.672,2.672,2.672,0.0
2018-04-23,2.72,2.72,2.72,2.72,0.018000000000000002
2018-04-24,2.706,2.707,2.707,2.706,-0.0051
2018-04-25,2.722,2.722,2.722,2.722,0.0059
2018-04-26,2.715,2.715,2.715,2.715,-0.0026
2018-04-27,2.68,2.68,2.68,2.68,-0.0129
2018-04-30,2.697,2.697,2.697,2.697,0.0063
2018-05-02,2.74,2.74,2.74,2.74,0.0159
2018-05-03,2.742,2.742,2.742,2.742,0.0007000000000000001
2018-05-04,2.74,2.74,2.74,2.74,-0.0007000000000000001
2018-05-08,2.735,2.735,2.735,2.735,-0.0018
2018-05-09,2.752,2.752,2.752,2.752,0.0062
2018-05-10,2.737,2.737,2.737,2.737,-0.0055000000000000005
2018-05-11,2.729,2.727,2.729,2.727,-0.0029
2018-05-14,2.732,2.732,2.732,2.732,0.0011
2018-05-15,2.74,2.742,2.742,2.74,0.0029
2018-05-16,2.724,2.722,2.724,2.722,-0.0058
2018-05-17,2.74,2.74,2.74,2.74,0.0059
2018-05-18,2.722,2.722,2.722,2.722,-0.0066
2018-05-20,2.722,2.722,2.722,2.722,0.0
2018-05-21,2.74,2.74,2.74,2.74,0.0066
2018-05-23,2.717,2.717,2.717,2.717,-0.0084
2018-05-24,2.692,2.692,2.692,2.692,-0.0092
2018-05-25,2.695,2.695,2.695,2.695,0.0011
2018-05-28,2.694,2.695,2.695,2.693,-0.0004
2018-05-29,2.68,2.68,2.68,2.68,-0.0052
2018-05-30,2.677,2.677,2.677,2.677,-0.0011
2018-05-31,2.667,2.667,2.667,2.667,-0.0037
2018-06-01,2.655,2.655,2.655,2.655,-0.0045000000000000005
2018-06-02,2.655,2.655,2.655,2.655,0.0
2018-06-03,2.655,2.655,2.655,2.655,0.0
2018-06-04,2.685,2.685,2.685,2.685,0.0113
2018-06-05,2.67,2.67,2.67,2.67,-0.005600000000000001
2018-06-06,2.67,2.67,2.67,2.67,0.0
2018-06-07,2.687,2.687,2.687,2.687,0.0064
2018-06-08,2.659,2.66,2.66,2.658,-0.0104
2018-06-09,2.659,2.659,2.659,2.659,0.0
2018-06-10,2.659,2.659,2.659,2.659,0.0
2018-06-11,2.677,2.677,2.677,2.677,0.0068000000000000005
2018-06-12,2.661,2.662,2.662,2.661,-0.006
2018-06-13,2.661,2.661,2.661,2.661,0.0
2018-06-14,2.656,2.657,2.657,2.656,-0.0019
2018-06-15,2.628,2.627,2.628,2.627,-0.0105
2018-06-16,2.628,2.628,2.628,2.628,0.0
2018-06-17,2.628,2.628,2.628,2.628,0.0
2018-06-18,2.601,2.6,2.601,2.6,-0.0103
2018-06-19,2.577,2.577,2.577,2.577,-0.0092
2018-06-20,2.575,2.575,2.575,2.575,-0.0008
2018-06-21,2.51,2.51,2.51,2.51,-0.0252
2018-06-22,2.507,2.507,2.507,2.507,-0.0012
2018-06-23,2.507,2.507,2.507,2.507,0.0
2018-06-24,2.507,2.507,2.507,2.507,0.0
2018-06-25,2.515,2.515,2.515,2.515,0.0032
2018-06-26,2.515,2.515,2.515,2.515,0.0
2018-06-27,2.49,2.49,2.49,2.49,-0.009899999999999999
2018-06-28,2.48,2.48,2.48,2.48,-0.004
2018-06-29,2.477,2.477,2.477,2.477,-0.0012
2018-06-30,2.477,2.477,2.477,2.477,0.0
2018-07-01,2.477,2.477,2.477,2.477,0.0
2018-07-02,2.47,2.47,2.47,2.47,-0.0028000000000000004
2018-07-03,2.5,2.5,2.5,2.5,0.0121
2018-07-04,2.482,2.482,2.482,2.482,-0.0072
2018-07-05,2.48,2.48,2.481,2.48,-0.0008
2018-07-06,2.469,2.47,2.47,2.468,-0.0044
2018-07-07,2.469,2.469,2.469,2.469,0.0
2018-07-08,2.469,2.469,2.469,2.469,0.0
2018-07-09,2.474,2.475,2.475,2.473,0.002
2018-07-10,2.465,2.465,2.465,2.465,-0.0036
2018-07-11,2.43,2.43,2.43,2.43,-0.014199999999999999
2018-07-12,2.45,2.45,2.45,2.45,0.008199999999999999
2018-07-13,2.456,2.457,2.457,2.456,0.0024
2018-07-14,2.456,2.456,2.456,2.456,0.0
2018-07-15,2.456,2.456,2.456,2.456,0.0
2018-07-16,2.454,2.455,2.455,2.453,-0.0008
2018-07-17,2.46,2.46,2.46,2.46,0.0024
2018-07-18,2.449,2.45,2.45,2.449,-0.0045000000000000005
2018-07-19,2.458,2.46,2.46,2.458,0.0037
2018-07-20,2.445,2.445,2.445,2.445,-0.0053
2018-07-21,2.445,2.445,2.445,2.445,0.0
2018-07-22,2.445,2.445,2.445,2.445,0.0
2018-07-23,2.467,2.467,2.467,2.467,0.009000000000000001
2018-07-24,2.482,2.482,2.482,2.482,0.0060999999999999995
2018-07-25,2.45,2.452,2.452,2.45,-0.0129
2018-07-26,2.455,2.455,2.455,2.455,0.002
2018-07-27,2.457,2.457,2.457,2.457,0.0008
2018-07-28,2.457,2.457,2.457,2.457,0.0
2018-07-29,2.457,2.457,2.457,2.457,0.0
2018-07-30,2.465,2.465,2.465,2.465,0.0033
2018-07-31,2.467,2.467,2.467,2.467,0.0008
2018-08-01,2.475,2.475,2.475,2.475,0.0032
2018-08-02,2.472,2.472,2.472,2.472,-0.0012
2018-08-03,2.475,2.475,2.475,2.475,0.0012
2018-08-04,2.475,2.475,2.475,2.475,0.0
2018-08-05,2.475,2.475,2.475,2.475,0.0
2018-08-06,2.462,2.462,2.462,2.462,-0.0053
2018-08-07,2.453,2.452,2.453,2.452,-0.0037
2018-08-08,2.442,2.442,2.442,2.442,-0.0045000000000000005
2018-08-09,2.4,2.4,2.4,2.4,-0.0172
2018-08-10,2.377,2.377,2.377,2.377,-0.0096
2018-08-11,2.377,2.377,2.377,2.377,0.0
2018-08-12,2.377,2.377,2.377,2.377,0.0
2018-08-13,2.377,2.377,2.377,2.377,0.0
2018-08-14,2.367,2.367,2.367,2.367,-0.0042
2018-08-15,2.367,2.367,2.367,2.367,0.0
2018-08-16,2.331,2.33,2.331,2.33,-0.0152
2018-08-17,2.307,2.307,2.307,2.307,-0.0103
2018-08-18,2.307,2.307,2.307,2.307,0.0
2018-08-19,2.307,2.307,2.307,2.307,0.0
2018-08-20,2.3,2.3,2.3,2.3,-0.003
2018-08-21,2.275,2.275,2.275,2.275,-0.0109
2018-08-22,2.272,2.272,2.272,2.272,-0.0013
2018-08-23,2.25,2.25,2.25,2.25,-0.0097
2018-08-24,2.247,2.247,2.247,2.247,-0.0013
2018-08-25,2.247,2.247,2.247,2.247,0.0
2018-08-26,2.247,2.247,2.247,2.247,0.0
2018-08-27,2.235,2.237,2.237,2.235,-0.0053
2018-08-28,2.226,2.227,2.227,2.226,-0.004
2018-08-29,2.226,2.227,2.227,2.226,0.0
2018-08-30,2.227,2.227,2.227,2.227,0.0004
2018-08-31,2.18,2.18,2.18,2.18,-0.021099999999999997
2018-09-01,2.18,2.18,2.18,2.18,0.0
2018-09-02,2.18,2.18,2.18,2.18,0.0
2018-09-03,2.17,2.17,2.17,2.17,-0.0046
2018-09-04,2.163,2.17,2.17,2.163,-0.0032
2018-09-05,2.107,2.107,2.107,2.107,-0.0259
2018-09-06,2.11,2.11,2.11,2.11,0.0014000000000000002
2018-09-07,2.102,2.102,2.102,2.102,-0.0038
2018-09-08,2.102,2.102,2.102,2.102,0.0
2018-09-09,2.102,2.102,2.102,2.102,0.0
2018-09-10,2.095,2.095,2.095,2.095,-0.0033
2018-09-11,2.117,2.117,2.117,2.117,0.0105
2018-09-12,2.09,2.09,2.09,2.09,-0.0128
2018-09-13,2.1,2.1,2.1,2.1,0.0048
2018-09-14,2.142,2.142,2.142,2.142,0.02
2018-09-15,2.142,2.142,2.142,2.142,0.0
2018-09-16,2.142,2.142,2.142,2.142,0.0
2018-09-17,2.174,2.175,2.175,2.173,0.0149
2018-09-18,2.165,2.165,2.165,2.165,-0.0040999999999999995
2018-09-19,2.207,2.207,2.207,2.207,0.0194
2018-09-20,2.307,2.307,2.307,2.307,0.0453
2018-09-21,2.257,2.257,2.257,2.257,-0.0217
2018-09-22,2.257,2.257,2.257,2.257,0.0
2018-09-23,2.257,2.257,2.257,2.257,0.0
2018-09-24,2.257,2.257,2.257,2.257,0.0
2018-09-25,2.257,2.257,2.257,2.257,0.0
2018-09-26,2.257,2.257,2.257,2.257,0.0
2018-09-27,2.217,2.217,2.217,2.217,-0.0177
2018-09-28,2.227,2.227,2.227,2.227,0.0045000000000000005
2018-09-29,2.227,2.227,2.227,2.227,0.0
2018-09-30,2.227,2.227,2.227,2.227,0.0
2018-10-01,2.252,2.252,2.252,2.252,0.011200000000000002
2018-10-02,2.262,2.262,2.262,2.262,0.0044
2018-10-03,2.262,2.262,2.262,2.262,0.0
2018-10-04,2.317,2.317,2.317,2.317,0.024300000000000002
2018-10-05,2.305,2.305,2.305,2.305,-0.0052
2018-10-06,2.305,2.305,2.305,2.305,0.0
2018-10-07,2.305,2.305,2.305,2.305,0.0
2018-10-08,2.277,2.277,2.277,2.277,-0.0121
2018-10-09,2.277,2.277,2.277,2.277,0.0
2018-10-10,2.237,2.237,2.237,2.237,-0.0176
2018-10-11,2.2,2.2,2.2,2.2,-0.0165
2018-10-12,2.222,2.222,2.222,2.222,0.01
2018-10-13,2.222,2.222,2.222,2.222,0.0
2018-10-14,2.222,2.222,2.222,2.222,0.0
2018-10-15,2.22,2.22,2.22,2.22,-0.0009
2018-10-16,2.206,2.207,2.207,2.206,-0.0063
2018-10-17,2.152,2.152,2.152,2.152,-0.0245
2018-10-18,2.127,2.127,2.127,2.127,-0.0116
2018-10-19,2.162,2.162,2.162,2.162,0.0165
2018-10-20,2.162,2.162,2.162,2.162,0.0
2018-10-21,2.162,2.162,2.162,2.162,0.0
2018-10-22,2.182,2.182,2.182,2.182,0.009300000000000001
2018-10-23,2.147,2.147,2.147,2.147,-0.016
2018-10-24,2.142,2.142,2.142,2.142,-0.0023
2018-10-25,2.107,2.107,2.107,2.107,-0.0163
2018-10-26,2.09,2.09,2.09,2.09,-0.008100000000000001
2018-10-27,2.09,2.09,2.09,2.09,0.0
2018-10-28,2.09,2.09,2.09,2.09,0.0
2018-10-29,2.017,2.017,2.017,2.017,-0.0349
2018-10-30,2.056,2.055,2.056,2.055,0.019299999999999998
2018-10-31,2.066,2.067,2.067,2.066,0.0049
2018-11-01,2.06,2.06,2.06,2.06,-0.0029
2018-11-02,2.067,2.067,2.067,2.067,0.0034000000000000002
2018-11-03,2.067,2.067,2.067,2.067,0.0
2018-11-04,2.067,2.067,2.067,2.067,0.0
2018-11-05,2.055,2.055,2.055,2.055,-0.0058
2018-11-06,2.077,2.077,2.077,2.077,0.010700000000000001
2018-11-07,2.037,2.037,2.037,2.037,-0.019299999999999998
2018-11-08,2.024,2.022,2.024,2.022,-0.0064
2018-11-09,2.002,2.002,2.002,2.002,-0.0109
2018-11-11,1.996,2.002,2.002,1.996,-0.003
2018-11-12,1.996,1.996,1.996,1.996,0.0
2018-11-13,1.998,1.996,1.998,1.996,0.001
2018-11-14,1.998,1.997,1.998,1.997,0.0
2018-11-15,2.027,2.027,2.027,2.027,0.014499999999999999
2018-11-16,2.035,2.035,2.035,2.035,0.0039000000000000003
2018-11-18,2.035,2.035,2.035,2.035,0.0
2018-11-19,2.032,2.032,2.032,2.032,-0.0015
2018-11-20,2.018,2.017,2.018,2.017,-0.0069
2018-11-21,2.017,2.017,2.017,2.017,-0.0005
2018-11-22,2.017,2.017,2.017,2.017,0.0
2018-11-23,1.972,1.972,1.972,1.972,-0.0223
2018-11-24,1.972,1.972,1.972,1.972,0.0
2018-11-25,1.972,1.972,1.972,1.972,0.0
2018-11-26,1.967,1.967,1.967,1.967,-0.0025
2018-11-27,1.96,1.96,1.96,1.96,-0.0036
2018-11-28,1.972,1.972,1.972,1.972,0.0060999999999999995
2018-11-29,1.937,1.937,1.937,1.937,-0.0177
2018-11-30,1.91,1.912,1.912,1.91,-0.0139
2018-12-01,1.91,1.91,1.91,1.91,0.0
2018-12-02,1.91,1.91,1.91,1.91,0.0
2018-12-03,1.935,1.935,1.935,1.935,0.0131
2018-12-04,1.929,1.93,1.93,1.928,-0.0031
2018-12-05,1.902,1.902,1.902,1.902,-0.013999999999999999
2018-12-06,1.822,1.822,1.822,1.822,-0.0421
2018-12-07,1.946,1.95,1.95,1.946,0.0681
2018-12-08,1.946,1.946,1.946,1.946,0.0
2018-12-09,1.946,1.946,1.946,1.946,0.0
2018-12-10,1.908,1.91,1.91,1.907,-0.0195
2018-12-11,1.911,1.915,1.915,1.911,0.0016
2018-12-12,1.929,1.932,1.932,1.929,0.009399999999999999
2018-12-13,1.936,1.94,1.94,1.936,0.0036
2018-12-14,1.921,1.925,1.925,1.921,-0.0077
2018-12-15,1.921,1.921,1.921,1.921,0.0
2018-12-16,1.921,1.921,1.921,1.921,0.0
2018-12-17,1.929,1.93,1.931,1.929,0.0042
2018-12-18,1.916,1.915,1.916,1.915,-0.0067
2018-12-19,1.871,1.87,1.872,1.87,-0.0235
2018-12-20,1.886,1.871,1.887,1.871,0.008
2018-12-21,1.928,1.932,1.932,1.928,0.0223
2018-12-22,1.928,1.928,1.928,1.928,0.0
2018-12-23,1.928,1.928,1.928,1.928,0.0
2018-12-24,1.957,1.962,1.962,1.957,0.015
2018-12-25,1.957,1.957,1.957,1.957,0.0
2018-12-26,1.926,1.925,1.927,1.925,-0.0158
2018-12-27,1.924,1.925,1.926,1.924,-0.001
2018-12-28,1.924,1.924,1.924,1.924,0.0
2018-12-30,1.951,1.951,1.951,1.951,0.013999999999999999
2018-12-31,1.951,1.924,1.955,1.924,0.0
2019-01-01,1.951,1.951,1.951,1.951,0.0
2019-01-02,1.951,1.95,1.951,1.95,0.0
2019-01-03,1.958,1.957,1.959,1.957,0.0036
2019-01-04,1.946,1.95,1.95,1.946,-0.0060999999999999995
2019-01-05,1.946,1.946,1.946,1.946,0.0
2019-01-06,1.946,1.946,1.946,1.946,0.0
2019-01-07,1.948,1.947,1.949,1.947,0.001
2019-01-08,1.958,1.962,1.962,1.958,0.0051
2019-01-09,1.953,1.957,1.957,1.953,-0.0026
2019-01-10,1.953,1.952,1.953,1.952,0.0
2019-01-11,1.978,1.982,1.982,1.978,0.0128
2019-01-12,1.978,1.978,1.978,1.978,0.0
2019-01-13,1.978,1.978,1.978,1.978,0.0
2019-01-14,1.971,1.97,1.972,1.97,-0.0034999999999999996
2019-01-15,1.971,1.97,1.972,1.97,0.0
2019-01-16,1.976,1.975,1.977,1.975,0.0025
2019-01-17,1.986,1.985,1.987,1.985,0.0051
2019-01-18,2.014,2.017,2.017,2.014,0.0141
2019-01-19,2.014,2.014,2.014,2.014,0.0
2019-01-20,2.014,2.014,2.014,2.014,0.0
2019-01-21,2.051,2.055,2.055,2.051,0.0184
2019-01-22,2.026,2.025,2.027,2.025,-0.012199999999999999
2019-01-23,2.013,2.017,2.017,2.013,-0.0064
2019-01-24,2.016,2.015,2.016,2.015,0.0015
2019-01-25,2.043,2.042,2.044,2.042,0.0134
2019-01-26,2.043,2.043,2.043,2.043,0.0
2019-01-27,2.043,2.043,2.043,2.043,0.0
2019-01-28,2.071,2.07,2.072,2.07,0.0137
2019-01-29,2.078,2.077,2.078,2.077,0.0034000000000000002
2019-01-30,2.081,2.08,2.082,2.08,0.0014000000000000002
2019-01-31,2.041,2.04,2.042,2.04,-0.0192
2019-02-01,2.036,2.04,2.04,2.036,-0.0024
2019-02-02,2.036,2.036,2.036,2.036,0.0
2019-02-03,2.036,2.036,2.036,2.036,0.0
2019-02-04,2.036,2.036,2.036,2.036,0.0
2019-02-05,2.036,2.036,2.036,2.036,0.0
2019-02-06,2.036,2.036,2.036,2.036,0.0
2019-02-07,2.053,2.057,2.057,2.053,0.0083
2019-02-08,2.03,2.035,2.035,2.03,-0.011200000000000002
2019-02-09,2.03,2.03,2.03,2.03,0.0
2019-02-10,2.03,2.03,2.03,2.03,0.0
2019-02-11,1.99,1.995,1.995,1.99,-0.0197
2019-02-12,2.01,2.015,2.015,2.01,0.0101
2019-02-13,2.008,2.012,2.012,2.008,-0.001
2019-02-14,2.01,2.015,2.015,2.01,0.001
2019-02-15,1.961,1.96,1.962,1.96,-0.024399999999999998
2019-02-16,1.961,1.961,1.961,1.961,0.0
2019-02-17,1.961,1.961,1.961,1.961,0.0
2019-02-18,1.991,1.99,1.991,1.99,0.015300000000000001
2019-02-19,2.005,2.005,2.007,2.005,0.006999999999999999
2019-02-20,2.002,2.005,2.005,2.002,-0.0015
2019-02-21,2.026,2.025,2.027,2.025,0.012
2019-02-22,2.023,2.022,2.023,2.022,-0.0015
2019-02-23,2.023,2.023,2.023,2.023,0.0
2019-02-24,2.023,2.023,2.023,2.023,0.0
2019-02-25,2.025,2.022,2.026,2.022,0.001
2019-02-26,2.014,2.02,2.02,2.014,-0.0054
2019-02-27,2.013,2.017,2.017,2.013,-0.0005
2019-02-28,2.028,2.025,2.028,2.025,0.0075
2019-03-01,2.028,2.028,2.028,2.028,0.0
2019-03-02,2.028,2.028,2.028,2.028,0.0
2019-03-03,2.028,2.028,2.028,2.028,0.0
2019-03-04,2.066,2.065,2.067,2.065,0.0187
2019-03-05,2.041,2.045,2.045,2.041,-0.0121
2019-03-06,2.034,2.035,2.036,2.034,-0.0034000000000000002
2019-03-07,2.028,2.032,2.032,2.028,-0.0029
2019-03-08,1.991,1.99,1.991,1.99,-0.0182
2019-03-09,1.991,1.991,1.991,1.991,0.0
2019-03-10,1.991,1.991,1.991,1.991,0.0
2019-03-11,1.999,2.0,2.0,1.998,0.004
2019-03-12,2.014,2.015,2.015,2.013,0.0075
2019-03-13,1.993,1.995,1.995,1.993,-0.0104
2019-03-14,1.995,1.995,1.996,1.995,0.001
2019-03-15,1.976,1.977,1.977,1.976,-0.0095
2019-03-16,1.976,1.976,1.976,1.976,0.0
2019-03-17,1.976,1.976,1.976,1.976,0.0
2019-03-18,1.986,1.987,1.987,1.986,0.0051
2019-03-19,1.971,1.972,1.972,1.971,-0.0076
2019-03-20,1.954,1.955,1.956,1.954,-0.0086
2019-03-21,1.894,1.895,1.895,1.894,-0.030699999999999998
2019-03-22,1.869,1.87,1.87,1.868,-0.0132
2019-03-23,1.869,1.869,1.869,1.869,0.0
2019-03-24,1.869,1.869,1.869,1.869,0.0
2019-03-25,1.854,1.855,1.855,1.854,-0.008
2019-03-26,1.881,1.882,1.882,1.881,0.0146
2019-03-27,1.826,1.827,1.827,1.826,-0.0292
2019-03-28,1.789,1.79,1.79,1.788,-0.0203
2019-03-29,1.811,1.812,1.812,1.811,0.0123
2019-03-30,1.811,1.811,1.811,1.811,0.0
2019-03-31,1.811,1.811,1.811,1.811,0.0
2019-04-01,1.846,1.847,1.847,1.846,0.019299999999999998
2019-04-02,1.832,1.832,1.833,1.832,-0.0076
2019-04-03,1.849,1.85,1.85,1.849,0.009300000000000001
2019-04-04,1.849,1.85,1.85,1.849,0.0
2019-04-05,1.856,1.857,1.857,1.856,0.0038
2019-04-06,1.856,1.856,1.856,1.856,0.0
2019-04-07,1.856,1.856,1.856,1.856,0.0
2019-04-08,1.831,1.832,1.832,1.831,-0.013500000000000002
2019-04-09,1.821,1.822,1.822,1.821,-0.0055000000000000005
2019-04-10,1.831,1.832,1.832,1.831,0.0055000000000000005
2019-04-11,1.824,1.825,1.825,1.824,-0.0038
2019-04-12,1.878,1.88,1.88,1.878,0.0296
2019-04-13,1.878,1.878,1.878,1.878,0.0
2019-04-14,1.878,1.878,1.878,1.878,0.0
2019-04-15,1.908,1.91,1.91,1.907,0.016
2019-04-16,1.933,1.935,1.935,1.932,0.0131
2019-04-17,1.953,1.955,1.955,1.953,0.0103
2019-04-18,1.905,1.902,1.905,1.902,-0.0246
2019-04-19,1.908,1.91,1.91,1.907,0.0016
2019-04-20,1.908,1.908,1.908,1.908,0.0
2019-04-21,1.908,1.908,1.908,1.908,0.0
2019-04-22,1.935,1.937,1.937,1.935,0.014199999999999999
2019-04-23,1.925,1.927,1.927,1.925,-0.0052
2019-04-24,1.92,1.922,1.922,1.92,-0.0026
2019-04-25,1.902,1.905,1.905,1.902,-0.009399999999999999
2019-04-26,1.894,1.895,1.895,1.894,-0.0042
2019-04-27,1.894,1.894,1.894,1.894,0.0
2019-04-28,1.894,1.894,1.894,1.894,0.0
2019-04-29,1.883,1.885,1.885,1.882,-0.0058
2019-04-30,1.873,1.875,1.875,1.873,-0.0053
2019-05-01,1.873,1.873,1.873,1.873,0.0
2019-05-02,1.913,1.915,1.915,1.913,0.021400000000000002
2019-05-03,1.923,1.925,1.925,1.923,0.0052
2019-05-04,1.923,1.923,1.923,1.923,0.0
2019-05-05,1.923,1.923,1.923,1.923,0.0
2019-05-06,1.923,1.923,1.923,1.923,0.0
2019-05-07,1.913,1.915,1.915,1.913,-0.0052
2019-05-08,1.903,1.905,1.905,1.903,-0.0052
2019-05-09,1.885,1.887,1.887,1.885,-0.0095
2019-05-10,1.895,1.897,1.897,1.895,0.0053
2019-05-11,1.895,1.895,1.895,1.895,0.0
2019-05-12,1.895,1.895,1.895,1.895,0.0
2019-05-13,1.9,1.902,1.902,1.899,0.0026
2019-05-14,1.89,1.892,1.892,1.89,-0.0053
2019-05-15,1.88,1.882,1.882,1.879,-0.0053
2019-05-16,1.85,1.852,1.852,1.849,-0.016
2019-05-17,1.843,1.845,1.845,1.843,-0.0038
2019-05-18,1.843,1.843,1.843,1.843,0.0
2019-05-19,1.843,1.843,1.843,1.843,0.0
2019-05-20,1.868,1.87,1.87,1.868,0.013600000000000001
2019-05-21,1.858,1.855,1.858,1.855,-0.0054
2019-05-22,1.86,1.862,1.862,1.859,0.0011
2019-05-23,1.838,1.84,1.84,1.838,-0.0118
2019-05-24,1.829,1.83,1.831,1.829,-0.0049
2019-05-25,1.829,1.829,1.829,1.829,0.0
2019-05-26,1.829,1.829,1.829,1.829,0.0
2019-05-27,1.837,1.84,1.84,1.837,0.0044
2019-05-28,1.828,1.83,1.83,1.828,-0.0049
2019-05-29,1.77,1.772,1.772,1.77,-0.0317
2019-05-30,1.774,1.775,1.775,1.774,0.0023
2019-05-31,1.71,1.712,1.712,1.71,-0.0361
2019-06-01,1.71,1.71,1.71,1.71,0.0
2019-06-02,1.71,1.71,1.71,1.71,0.0
2019-06-03,1.729,1.73,1.73,1.729,0.0111
2019-06-04,1.725,1.727,1.727,1.725,-0.0023
2019-06-05,1.698,1.7,1.7,1.698,-0.015700000000000002
2019-06-06,1.698,1.698,1.698,1.698,0.0
2019-06-07,1.703,1.705,1.705,1.703,0.0029
2019-06-08,1.703,1.703,1.703,1.703,0.0
2019-06-09,1.703,1.703,1.703,1.703,0.0
2019-06-10,1.718,1.72,1.72,1.718,0.0088
2019-06-11,1.723,1.725,1.725,1.723,0.0029
2019-06-12,1.668,1.67,1.67,1.668,-0.0319
2019-06-13,1.678,1.68,1.68,1.678,0.006
2019-06-14,1.639,1.64,1.64,1.639,-0.0232
2019-06-15,1.639,1.639,1.639,1.639,0.0
2019-06-16,1.639,1.639,1.639,1.639,0.0
2019-06-17,1.665,1.665,1.665,1.665,0.0159
2019-06-18,1.66,1.66,1.66,1.66,-0.003
2019-06-19,1.629,1.63,1.63,1.629,-0.0187
2019-06-20,1.582,1.582,1.582,1.582,-0.028900000000000002
2019-06-21,1.607,1.607,1.607,1.607,0.0158
2019-06-22,1.607,1.607,1.607,1.607,0.0
2019-06-23,1.607,1.607,1.607,1.607,0.0
2019-06-24,1.607,1.607,1.607,1.607,0.0
2019-06-25,1.625,1.625,1.626,1.625,0.011200000000000002
2019-06-26,1.632,1.632,1.632,1.632,0.0043
2019-06-27,1.654,1.655,1.655,1.654,0.013500000000000002
2019-06-28,1.632,1.632,1.632,1.632,-0.013300000000000001
2019-06-29,1.632,1.632,1.632,1.632,0.0
2019-06-30,1.632,1.632,1.632,1.632,0.0
2019-07-01,1.645,1.645,1.645,1.645,0.008
2019-07-02,1.61,1.61,1.61,1.61,-0.0213
2019-07-03,1.557,1.557,1.557,1.557,-0.0329
2019-07-04,1.553,1.552,1.553,1.552,-0.0026
2019-07-05,1.565,1.565,1.565,1.565,0.0077
2019-07-06,1.565,1.565,1.565,1.565,0.0
2019-07-07,1.565,1.565,1.565,1.565,0.0
2019-07-08,1.557,1.557,1.557,1.557,-0.0051
2019-07-09,1.56,1.56,1.56,1.56,0.0019
2019-07-10,1.58,1.58,1.58,1.58,0.0128
2019-07-11,1.564,1.562,1.564,1.562,-0.0101
2019-07-12,1.578,1.577,1.578,1.577,0.009000000000000001
2019-07-13,1.578,1.578,1.578,1.578,0.0
2019-07-14,1.578,1.578,1.578,1.578,0.0
2019-07-15,1.595,1.595,1.595,1.595,0.0108
2019-07-16,1.58,1.58,1.58,1.58,-0.009399999999999999
2019-07-17,1.555,1.555,1.555,1.555,-0.0158
2019-07-18,1.49,1.49,1.49,1.49,-0.0418
2019-07-19,1.48,1.48,1.48,1.48,-0.0067
2019-07-20,1.48,1.48,1.48,1.48,0.0
2019-07-21,1.48,1.48,1.48,1.48,0.0
2019-07-22,1.472,1.472,1.472,1.472,-0.0054
2019-07-23,1.477,1.477,1.477,1.477,0.0034000000000000002
2019-07-24,1.45,1.477,1.477,1.45,-0.0183
2019-07-25,1.4,1.4,1.4,1.4,-0.0345
2019-07-26,1.387,1.387,1.387,1.387,-0.009300000000000001
2019-07-27,1.387,1.387,1.387,1.387,0.0
2019-07-28,1.387,1.387,1.387,1.387,0.0
2019-07-29,1.365,1.365,1.365,1.365,-0.0159
2019-07-30,1.385,1.385,1.385,1.385,0.0147
2019-07-31,1.362,1.362,1.362,1.362,-0.0166
2019-08-01,1.372,1.372,1.372,1.372,0.0073
2019-08-02,1.325,1.325,1.325,1.325,-0.034300000000000004
2019-08-03,1.325,1.325,1.325,1.325,0.0
2019-08-04,1.325,1.325,1.325,1.325,0.0
2019-08-05,1.24,1.24,1.24,1.24,-0.0642
2019-08-06,1.25,1.25,1.25,1.25,0.008100000000000001
2019-08-07,1.237,1.237,1.237,1.237,-0.0104
2019-08-08,1.245,1.245,1.245,1.245,0.006500000000000001
2019-08-09,1.275,1.275,1.275,1.275,0.0241
2019-08-10,1.275,1.275,1.275,1.275,0.0
2019-08-11,1.275,1.275,1.275,1.275,0.0
2019-08-12,1.278,1.277,1.278,1.277,0.0024
2019-08-13,1.22,1.22,1.22,1.22,-0.0454
2019-08-14,1.218,1.217,1.218,1.217,-0.0016
2019-08-15,1.218,1.218,1.218,1.218,0.0
2019-08-16,1.159,1.157,1.159,1.157,-0.0484
2019-08-17,1.159,1.159,1.159,1.159,0.0
2019-08-18,1.159,1.159,1.159,1.159,0.0
2019-08-19,1.19,1.19,1.19,1.19,0.026699999999999998
2019-08-20,1.205,1.205,1.205,1.205,0.0126
2019-08-21,1.294,1.295,1.295,1.294,0.0739
2019-08-22,1.263,1.262,1.263,1.262,-0.024
2019-08-23,1.28,1.28,1.281,1.28,0.013500000000000002
2019-08-24,1.28,1.28,1.28,1.28,0.0
2019-08-25,1.28,1.28,1.28,1.28,0.0
2019-08-26,1.24,1.24,1.24,1.24,-0.031200000000000002
2019-08-27,1.288,1.287,1.288,1.287,0.0387
2019-08-28,1.27,1.27,1.27,1.27,-0.013999999999999999
2019-08-29,1.273,1.272,1.273,1.272,0.0024
2019-08-30,1.3,1.3,1.3,1.3,0.0212
2019-08-31,1.3,1.3,1.3,1.3,0.0
2019-09-01,1.3,1.3,1.3,1.3,0.0
2019-09-02,1.353,1.352,1.353,1.352,0.0408
2019-09-03,1.315,1.315,1.315,1.315,-0.0281
2019-09-04,1.323,1.322,1.323,1.322,0.0060999999999999995
2019-09-05,1.35,1.35,1.351,1.35,0.0204
2019-09-06,1.36,1.36,1.36,1.36,0.0074
2019-09-07,1.36,1.36,1.36,1.36,0.0
2019-09-08,1.36,1.36,1.36,1.36,0.0
2019-09-09,1.325,1.325,1.325,1.325,-0.025699999999999997
2019-09-10,1.32,1.32,1.32,1.32,-0.0038
2019-09-11,1.35,1.35,1.35,1.35,0.0227
2019-09-12,1.35,1.35,1.35,1.35,0.0
2019-09-13,1.35,1.35,1.35,1.35,0.0
2019-09-14,1.35,1.35,1.35,1.35,0.0
2019-09-15,1.35,1.35,1.35,1.35,0.0
2019-09-16,1.505,1.505,1.505,1.505,0.1148
2019-09-18,1.438,1.475,1.475,1.437,-0.044500000000000005
2019-09-19,1.445,1.445,1.445,1.445,0.0049
2019-09-20,1.445,1.445,1.445,1.445,0.0
2019-09-21,1.445,1.445,1.445,1.445,0.0
2019-09-22,1.445,1.445,1.445,1.445,0.0
2019-09-23,1.448,1.447,1.448,1.447,0.0021
2019-09-24,1.4,1.4,1.4,1.4,-0.0331
2019-09-25,1.385,1.387,1.387,1.385,-0.010700000000000001
2019-09-26,1.402,1.402,1.402,1.401,0.0123
2019-09-27,1.401,1.4,1.401,1.4,-0.0007000000000000001
2019-09-28,1.401,1.401,1.401,1.401,0.0
2019-09-29,1.401,1.401,1.401,1.401,0.0
2019-09-30,1.423,1.401,1.424,1.401,0.015700000000000002
2019-10-01,1.459,1.457,1.459,1.457,0.0253
2019-10-02,1.454,1.452,1.454,1.452,-0.0034000000000000002
2019-10-03,1.454,1.454,1.454,1.454,0.0
2019-10-04,1.357,1.355,1.357,1.355,-0.0667
2019-10-05,1.357,1.357,1.357,1.357,0.0
2019-10-06,1.357,1.357,1.357,1.357,0.0
2019-10-07,1.382,1.382,1.383,1.382,0.0184
2019-10-08,1.402,1.402,1.402,1.401,0.014499999999999999
2019-10-09,1.402,1.402,1.402,1.402,0.0
2019-10-10,1.443,1.442,1.444,1.442,0.0292
2019-10-11,1.465,1.467,1.467,1.465,0.0152
2019-10-12,1.465,1.465,1.465,1.465,0.0
2019-10-13,1.465,1.465,1.465,1.465,0.0
2019-10-14,1.465,1.465,1.466,1.465,0.0
2019-10-15,1.5,1.502,1.502,1.5,0.0239
2019-10-16,1.503,1.505,1.505,1.503,0.002
2019-10-17,1.539,1.542,1.542,1.539,0.024
2019-10-18,1.565,1.567,1.567,1.565,0.0169
2019-10-19,1.565,1.565,1.565,1.565,0.0
2019-10-20,1.565,1.565,1.565,1.565,0.0
2019-10-21,1.638,1.64,1.64,1.638,0.0466
2019-10-22,1.648,1.652,1.652,1.648,0.0060999999999999995
2019-10-23,1.653,1.655,1.655,1.653,0.003
2019-10-24,1.653,1.655,1.655,1.653,0.0
2019-10-25,1.698,1.7,1.7,1.698,0.027200000000000002
2019-10-27,1.698,1.698,1.698,1.698,0.0
2019-10-28,1.768,1.767,1.768,1.767,0.0412
2019-10-29,1.755,1.757,1.757,1.755,-0.0074
2019-10-30,1.728,1.73,1.73,1.728,-0.0154
2019-10-31,1.707,1.707,1.708,1.707,-0.012199999999999999
2019-11-01,1.708,1.707,1.708,1.707,0.0006
2019-11-02,1.708,1.708,1.708,1.708,0.0
2019-11-03,1.708,1.708,1.708,1.708,0.0
2019-11-04,1.785,1.787,1.787,1.785,0.0451
2019-11-05,1.778,1.78,1.78,1.778,-0.0039000000000000003
2019-11-06,1.769,1.77,1.77,1.768,-0.0051
2019-11-07,1.778,1.78,1.78,1.778,0.0051
2019-11-08,1.756,1.757,1.757,1.756,-0.0124
2019-11-09,1.755,1.755,1.755,1.755,-0.0006
2019-11-10,1.755,1.755,1.755,1.755,0.0
2019-11-11,1.75,1.752,1.752,1.75,-0.0028000000000000004
2019-11-12,1.774,1.772,1.774,1.772,0.0137
2019-11-13,1.725,1.727,1.727,1.725,-0.0276
2019-11-14,1.718,1.72,1.72,1.718,-0.0040999999999999995
2019-11-15,1.728,1.73,1.73,1.728,0.0058
2019-11-16,1.728,1.728,1.728,1.728,0.0
2019-11-17,1.728,1.728,1.728,1.728,0.0
2019-11-18,1.718,1.728,1.728,1.717,-0.0058
2019-11-19,1.68,1.682,1.682,1.68,-0.022099999999999998
2019-11-20,1.623,1.625,1.625,1.623,-0.0339
2019-11-21,1.603,1.605,1.605,1.603,-0.0123
2019-11-22,1.633,1.635,1.635,1.633,0.0187
2019-11-23,1.633,1.633,1.633,1.633,0.0
2019-11-24,1.633,1.633,1.633,1.633,0.0
2019-11-25,1.65,1.652,1.652,1.65,0.0104
2019-11-26,1.618,1.62,1.62,1.618,-0.0194
2019-11-27,1.578,1.58,1.58,1.578,-0.024700000000000003
2019-11-28,1.589,1.592,1.592,1.589,0.006999999999999999
2019-11-29,1.568,1.567,1.568,1.567,-0.0132
2019-11-30,1.568,1.568,1.568,1.568,0.0
2019-12-01,1.568,1.568,1.568,1.568,0.0
2019-12-02,1.628,1.63,1.63,1.628,0.0383
2019-12-03,1.663,1.665,1.665,1.663,0.0215
2019-12-04,1.598,1.6,1.6,1.598,-0.0391
2019-12-05,1.595,1.597,1.597,1.595,-0.0019
2019-12-06,1.548,1.55,1.55,1.547,-0.029500000000000002
2019-12-07,1.548,1.548,1.548,1.548,0.0
2019-12-08,1.548,1.548,1.548,1.548,0.0
2019-12-09,1.518,1.52,1.52,1.517,-0.0194
2019-12-10,1.478,1.475,1.478,1.475,-0.0264
2019-12-11,1.488,1.485,1.488,1.485,0.0068000000000000005
2019-12-12,1.5,1.497,1.5,1.497,0.008100000000000001
2019-12-13,1.52,1.52,1.52,1.52,0.013300000000000001
2019-12-14,1.52,1.52,1.52,1.52,0.0
2019-12-15,1.52,1.52,1.52,1.52,0.0
2019-12-16,1.483,1.482,1.483,1.482,-0.024300000000000002
2019-12-17,1.49,1.49,1.49,1.49,0.004699999999999999
2019-12-18,1.508,1.507,1.508,1.507,0.0121
2019-12-19,1.57,1.572,1.572,1.57,0.041100000000000005
2019-12-20,1.578,1.577,1.578,1.577,0.0051
2019-12-21,1.578,1.578,1.578,1.578,0.0
2019-12-22,1.578,1.578,1.578,1.578,0.0
2019-12-23,1.565,1.565,1.565,1.565,-0.008199999999999999
2019-12-24,1.553,1.552,1.553,1.552,-0.0077
2019-12-25,1.553,1.553,1.553,1.553,0.0
2019-12-26,1.57,1.572,1.572,1.57,0.0109
2019-12-27,1.635,1.635,1.635,1.635,0.0414
2019-12-28,1.635,1.635,1.635,1.635,0.0
2019-12-29,1.635,1.635,1.635,1.635,0.0
2019-12-30,1.64,1.64,1.64,1.64,0.0031
2019-12-31,1.64,1.64,1.641,1.64,0.0
2020-01-01,1.64,1.64,1.64,1.64,0.0
2020-01-02,1.6,1.6,1.601,1.6,-0.024399999999999998
2020-01-03,1.545,1.545,1.545,1.545,-0.0344
2020-01-04,1.545,1.545,1.545,1.545,0.0
2020-01-05,1.545,1.545,1.545,1.545,0.0
2020-01-06,1.538,1.537,1.538,1.537,-0.0045000000000000005
2020-01-07,1.588,1.587,1.588,1.587,0.0325
2020-01-08,1.567,1.567,1.567,1.567,-0.0132
2020-01-09,1.588,1.587,1.588,1.587,0.0134
2020-01-10,1.61,1.61,1.61,1.61,0.0139
2020-01-11,1.61,1.61,1.61,1.61,0.0
2020-01-12,1.61,1.61,1.61,1.61,0.0
2020-01-13,1.623,1.622,1.623,1.622,0.008100000000000001
2020-01-14,1.62,1.62,1.62,1.62,-0.0018
2020-01-15,1.615,1.615,1.615,1.615,-0.0031
2020-01-16,1.585,1.585,1.585,1.585,-0.018600000000000002
2020-01-17,1.635,1.635,1.635,1.635,0.0315
2020-01-18,1.635,1.635,1.635,1.635,0.0
2020-01-19,1.635,1.635,1.635,1.635,0.0
2020-01-20,1.67,1.67,1.671,1.67,0.021400000000000002
2020-01-21,1.63,1.63,1.631,1.63,-0.024
2020-01-22,1.658,1.657,1.658,1.657,0.0172
2020-01-23,1.65,1.65,1.65,1.65,-0.0048
2020-01-24,1.65,1.65,1.65,1.65,0.0
2020-01-25,1.65,1.65,1.65,1.65,0.0
2020-01-26,1.65,1.65,1.65,1.65,0.0
2020-01-27,1.65,1.65,1.65,1.65,0.0
2020-01-28,1.57,1.57,1.57,1.57,-0.048499999999999995
2020-01-29,1.545,1.545,1.545,1.545,-0.0159
2020-01-30,1.528,1.527,1.528,1.527,-0.011000000000000001
2020-01-31,1.542,1.542,1.542,1.541,0.0092
2020-02-01,1.542,1.542,1.542,1.542,0.0
2020-02-02,1.542,1.542,1.542,1.542,0.0
2020-02-03,1.526,1.53,1.53,1.526,-0.0104
2020-02-04,1.596,1.597,1.598,1.596,0.045899999999999996
2020-02-05,1.563,1.567,1.567,1.563,-0.0207
2020-02-06,1.573,1.577,1.577,1.573,0.0064
2020-02-07,1.575,1.58,1.58,1.575,0.0013
2020-02-08,1.575,1.575,1.575,1.575,0.0
2020-02-09,1.575,1.575,1.575,1.575,0.0
2020-02-10,1.574,1.58,1.58,1.573,-0.0006
2020-02-11,1.567,1.57,1.571,1.567,-0.0044
2020-02-12,1.578,1.582,1.582,1.577,0.006999999999999999
2020-02-13,1.588,1.592,1.592,1.587,0.0063
2020-02-14,1.655,1.655,1.655,1.655,0.042199999999999994
2020-02-16,1.655,1.655,1.655,1.655,0.0
2020-02-17,1.63,1.63,1.63,1.63,-0.0151
2020-02-18,1.577,1.577,1.577,1.577,-0.0325
2020-02-19,1.567,1.567,1.567,1.567,-0.0063
2020-02-20,1.557,1.557,1.557,1.557,-0.0064
2020-02-21,1.487,1.487,1.487,1.487,-0.045
2020-02-23,1.487,1.487,1.487,1.487,0.0
2020-02-24,1.45,1.45,1.45,1.45,-0.024900000000000002
2020-02-25,1.457,1.457,1.457,1.457,0.0048
2020-02-26,1.445,1.445,1.445,1.445,-0.008199999999999999
2020-02-27,1.495,1.495,1.495,1.495,0.0346
2020-02-28,1.395,1.395,1.395,1.395,-0.0669
2020-02-29,1.395,1.395,1.395,1.395,0.0
2020-03-01,1.395,1.395,1.395,1.395,0.0
2020-03-02,1.435,1.435,1.435,1.435,0.0287
2020-03-03,1.445,1.445,1.445,1.445,0.006999999999999999
2020-03-04,1.405,1.405,1.405,1.405,-0.0277
2020-03-05,1.432,1.432,1.432,1.432,0.0192
2020-03-06,1.447,1.447,1.447,1.447,0.0105
2020-03-07,1.447,1.447,1.447,1.447,0.0
2020-03-08,1.447,1.447,1.447,1.447,0.0
2020-03-09,1.315,1.315,1.315,1.315,-0.09119999999999999
2020-03-10,1.405,1.405,1.405,1.405,0.0684
2020-03-11,1.42,1.42,1.42,1.42,0.010700000000000001
2020-03-12,1.441,1.442,1.442,1.441,0.0148
2020-03-13,1.64,1.64,1.64,1.64,0.1381
2020-03-14,1.64,1.64,1.64,1.64,0.0
2020-03-15,1.64,1.64,1.64,1.64,0.0
2020-03-16,1.545,1.545,1.546,1.545,-0.0579
2020-03-17,1.457,1.457,1.457,1.457,-0.057
2020-03-18,1.55,1.55,1.55,1.55,0.0638
2020-03-19,1.675,1.675,1.675,1.675,0.0806
2020-03-20,1.665,1.665,1.665,1.665,-0.006
2020-03-21,1.665,1.665,1.665,1.665,0.0
2020-03-22,1.665,1.665,1.665,1.665,0.0
2020-03-23,1.78,1.78,1.78,1.78,0.0691
2020-03-24,1.777,1.777,1.777,1.777,-0.0017000000000000001
2020-03-25,1.72,1.72,1.72,1.72,-0.0321
2020-03-26,1.588,1.72,1.72,1.587,-0.0767
2020-03-27,1.63,1.63,1.63,1.63,0.0264
2020-03-28,1.63,1.63,1.63,1.63,0.0
2020-03-29,1.63,1.63,1.63,1.63,0.0
2020-03-30,1.67,1.67,1.67,1.67,0.0245
2020-03-31,1.667,1.667,1.667,1.667,-0.0018
2020-04-01,1.665,1.665,1.665,1.665,-0.0012
2020-04-02,1.65,1.65,1.65,1.65,-0.009000000000000001
2020-04-03,1.662,1.662,1.662,1.662,0.0073
2020-04-04,1.662,1.662,1.662,1.662,0.0
2020-04-05,1.662,1.662,1.662,1.662,0.0
2020-04-06,1.657,1.657,1.657,1.657,-0.003
2020-04-07,1.671,1.657,1.671,1.657,0.0084
2020-04-08,1.607,1.607,1.607,1.607,-0.0383
2020-04-09,1.554,1.555,1.555,1.554,-0.033
2020-04-10,1.554,1.555,1.555,1.554,0.0
2020-04-11,1.554,1.554,1.554,1.554,0.0
2020-04-12,1.554,1.554,1.554,1.554,0.0
2020-04-13,1.579,1.58,1.58,1.578,0.0161
2020-04-14,1.585,1.587,1.587,1.585,0.0038
2020-04-15,1.585,1.585,1.585,1.585,0.0
2020-04-16,1.579,1.577,1.579,1.577,-0.0038
2020-04-17,1.594,1.595,1.595,1.594,0.0095
2020-04-18,1.594,1.594,1.594,1.594,0.0
2020-04-19,1.594,1.594,1.594,1.594,0.0
2020-04-20,1.591,1.59,1.591,1.59,-0.0019
2020-04-21,1.611,1.61,1.611,1.61,0.0126
2020-04-22,1.676,1.675,1.676,1.675,0.0403
2020-04-23,1.669,1.67,1.67,1.669,-0.0042
2020-04-24,1.669,1.67,1.67,1.669,0.0
2020-04-25,1.669,1.669,1.669,1.669,0.0
2020-04-26,1.669,1.669,1.669,1.669,0.0
2020-04-27,1.711,1.712,1.712,1.711,0.0252
2020-04-28,1.706,1.707,1.707,1.706,-0.0029
2020-04-29,1.664,1.665,1.665,1.664,-0.0246
2020-04-30,1.664,1.664,1.664,1.664,0.0
2020-05-01,1.664,1.664,1.664,1.664,0.0
2020-05-02,1.664,1.664,1.664,1.664,0.0
2020-05-03,1.664,1.664,1.664,1.664,0.0
2020-05-04,1.661,1.662,1.662,1.661,-0.0018
2020-05-05,1.661,1.661,1.661,1.661,0.0
2020-05-06,1.679,1.68,1.68,1.679,0.0108
2020-05-07,1.62,1.62,1.62,1.62,-0.0351
2020-05-08,1.564,1.565,1.565,1.564,-0.0346
2020-05-09,1.564,1.564,1.564,1.564,0.0
2020-05-10,1.564,1.564,1.564,1.564,0.0
2020-05-11,1.591,1.592,1.592,1.591,0.0173
2020-05-12,1.561,1.562,1.562,1.561,-0.0189
2020-05-13,1.524,1.522,1.524,1.522,-0.023700000000000002
2020-05-14,1.509,1.51,1.51,1.508,-0.0098
2020-05-15,1.512,1.512,1.512,1.512,0.002
2020-05-16,1.512,1.512,1.512,1.512,0.0
2020-05-17,1.512,1.512,1.512,1.512,0.0
2020-05-18,1.531,1.532,1.532,1.531,0.0126
2020-05-19,1.541,1.542,1.542,1.541,0.006500000000000001
2020-05-20,1.516,1.517,1.517,1.516,-0.016200000000000003
2020-05-21,1.496,1.495,1.496,1.495,-0.0132
2020-05-22,1.501,1.502,1.502,1.501,0.0033
2020-05-23,1.501,1.501,1.501,1.501,0.0
2020-05-24,1.501,1.501,1.501,1.501,0.0
2020-05-25,1.496,1.497,1.497,1.496,-0.0033
2020-05-26,1.504,1.505,1.505,1.504,0.0053
2020-05-27,1.489,1.49,1.49,1.489,-0.01
2020-05-28,1.511,1.512,1.512,1.511,0.0148
2020-05-29,1.536,1.535,1.536,1.535,0.0165
2020-05-30,1.536,1.536,1.536,1.536,0.0
2020-05-31,1.536,1.536,1.536,1.536,0.0
2020-06-01,1.576,1.575,1.576,1.575,0.026000000000000002
2020-06-02,1.574,1.572,1.574,1.572,-0.0013
2020-06-03,1.591,1.592,1.592,1.591,0.0108
2020-06-04,1.584,1.585,1.585,1.583,-0.0044
2020-06-05,1.604,1.605,1.605,1.604,0.0126
2020-06-06,1.604,1.604,1.604,1.604,0.0
2020-06-07,1.604,1.604,1.604,1.604,0.0
2020-06-08,1.594,1.592,1.594,1.592,-0.0062
2020-06-09,1.539,1.537,1.539,1.537,-0.0345
2020-06-10,1.554,1.552,1.554,1.552,0.0097
2020-06-11,1.561,1.56,1.561,1.56,0.0045000000000000005
2020-06-12,1.575,1.575,1.576,1.575,0.009000000000000001
2020-06-13,1.575,1.575,1.575,1.575,0.0
2020-06-14,1.575,1.575,1.575,1.575,0.0
2020-06-15,1.598,1.597,1.598,1.597,0.0146
2020-06-16,1.585,1.598,1.598,1.585,-0.008100000000000001
2020-06-17,1.585,1.585,1.585,1.585,0.0
2020-06-18,1.572,1.572,1.572,1.572,-0.008199999999999999
2020-06-19,1.606,1.607,1.607,1.606,0.0216
2020-06-20,1.606,1.606,1.606,1.606,0.0
2020-06-21,1.606,1.606,1.606,1.606,0.0
2020-06-22,1.61,1.61,1.61,1.61,0.0025
2020-06-23,1.603,1.602,1.603,1.602,-0.0043
2020-06-24,1.593,1.592,1.593,1.592,-0.0062
2020-06-25,1.585,1.585,1.585,1.585,-0.005
2020-06-26,1.563,1.565,1.565,1.563,-0.0139
2020-06-27,1.563,1.563,1.563,1.563,0.0
2020-06-28,1.563,1.563,1.563,1.563,0.0
2020-06-29,1.598,1.597,1.598,1.597,0.022400000000000003
2020-06-30,1.618,1.617,1.618,1.617,0.0125
2020-07-01,1.615,1.615,1.615,1.615,-0.0019
2020-07-02,1.603,1.602,1.603,1.602,-0.0074
2020-07-03,1.608,1.607,1.608,1.607,0.0031
2020-07-04,1.608,1.608,1.608,1.608,0.0
2020-07-05,1.608,1.608,1.608,1.608,0.0
2020-07-06,1.623,1.625,1.625,1.623,0.009300000000000001
2020-07-07,1.594,1.592,1.594,1.592,-0.0179
2020-07-08,1.58,1.58,1.58,1.58,-0.0088
2020-07-09,1.6,1.6,1.6,1.6,0.0127
2020-07-10,1.595,1.595,1.595,1.595,-0.0031
2020-07-12,1.595,1.595,1.595,1.595,0.0
2020-07-13,1.615,1.615,1.615,1.615,0.0125
2020-07-14,1.62,1.62,1.62,1.62,0.0031
2020-07-15,1.618,1.617,1.618,1.617,-0.0012
2020-07-16,1.593,1.592,1.593,1.592,-0.0155
2020-07-17,1.584,1.582,1.584,1.582,-0.005600000000000001
2020-07-18,1.584,1.584,1.584,1.584,0.0
2020-07-19,1.584,1.584,1.584,1.584,0.0
2020-07-20,1.56,1.56,1.56,1.56,-0.0152
2020-07-21,1.58,1.58,1.58,1.58,0.0128
2020-07-22,1.565,1.565,1.566,1.565,-0.0095
2020-07-23,1.545,1.545,1.545,1.545,-0.0128
2020-07-24,1.518,1.517,1.518,1.517,-0.0175
2020-07-25,1.518,1.518,1.518,1.518,0.0
2020-07-26,1.518,1.518,1.518,1.518,0.0
2020-07-27,1.498,1.497,1.498,1.497,-0.0132
2020-07-28,1.518,1.517,1.518,1.517,0.0134
2020-07-29,1.508,1.507,1.508,1.507,-0.0066
2020-07-30,1.5,1.5,1.501,1.5,-0.0053
2020-07-31,1.518,1.517,1.518,1.517,0.012
2020-08-01,1.518,1.518,1.518,1.518,0.0
2020-08-02,1.518,1.518,1.518,1.518,0.0
2020-08-03,1.538,1.537,1.538,1.537,0.0132
2020-08-04,1.548,1.547,1.548,1.547,0.006500000000000001
2020-08-05,1.538,1.537,1.538,1.537,-0.006500000000000001
2020-08-06,1.54,1.54,1.54,1.54,0.0013
2020-08-07,1.55,1.55,1.551,1.55,0.006500000000000001
2020-08-08,1.55,1.55,1.55,1.55,0.0
2020-08-09,1.55,1.55,1.55,1.55,0.0
2020-08-10,1.578,1.577,1.578,1.577,0.0181
2020-08-11,1.56,1.56,1.56,1.56,-0.011399999999999999
2020-08-12,1.578,1.577,1.578,1.577,0.0115
2020-08-13,1.563,1.562,1.563,1.562,-0.0095
2020-08-14,1.607,1.607,1.607,1.607,0.0282
2020-08-15,1.607,1.607,1.607,1.607,0.0
2020-08-16,1.607,1.607,1.607,1.607,0.0
2020-08-17,1.607,1.607,1.607,1.607,0.0
2020-08-18,1.572,1.572,1.572,1.572,-0.0218
2020-08-19,1.577,1.577,1.577,1.577,0.0032
2020-08-20,1.605,1.605,1.605,1.605,0.0178
2020-08-21,1.625,1.625,1.625,1.625,0.0125
2020-08-22,1.625,1.625,1.625,1.625,0.0
2020-08-23,1.625,1.625,1.625,1.625,0.0
2020-08-24,1.612,1.612,1.612,1.612,-0.008
2020-08-25,1.625,1.625,1.625,1.625,0.008100000000000001
2020-08-26,1.63,1.63,1.63,1.63,0.0031
2020-08-27,1.635,1.635,1.635,1.635,0.0031
2020-08-28,1.677,1.677,1.677,1.677,0.025699999999999997
2020-08-29,1.677,1.677,1.677,1.677,0.0
2020-08-30,1.677,1.677,1.677,1.677,0.0
2020-08-31,1.703,1.705,1.705,1.703,0.0155
2020-09-01,1.74,1.74,1.74,1.74,0.0217
2020-09-02,1.717,1.717,1.717,1.717,-0.0132
2020-09-03,1.715,1.715,1.715,1.715,-0.0012
2020-09-04,1.72,1.72,1.72,1.72,0.0029
2020-09-05,1.72,1.72,1.72,1.72,0.0
2020-09-06,1.72,1.72,1.72,1.72,0.0
2020-09-07,1.72,1.72,1.72,1.72,0.0
2020-09-08,1.685,1.685,1.685,1.685,-0.0203
2020-09-09,1.667,1.667,1.667,1.667,-0.010700000000000001
2020-09-10,1.667,1.667,1.667,1.667,0.0
2020-09-11,1.685,1.685,1.685,1.685,0.0108
2020-09-12,1.685,1.685,1.685,1.685,0.0
2020-09-13,1.685,1.685,1.685,1.685,0.0
2020-09-14,1.69,1.69,1.69,1.69,0.003
2020-09-15,1.67,1.67,1.67,1.67,-0.0118
2020-09-16,1.642,1.642,1.642,1.642,-0.0168
2020-09-17,1.652,1.652,1.652,1.652,0.0060999999999999995
2020-09-18,1.668,1.667,1.668,1.667,0.0097
2020-09-19,1.668,1.668,1.668,1.668,0.0
2020-09-20,1.668,1.668,1.668,1.668,0.0
2020-09-21,1.668,1.667,1.668,1.667,0.0
2020-09-22,1.635,1.635,1.635,1.635,-0.019799999999999998
2020-09-23,1.632,1.632,1.632,1.632,-0.0018
2020-09-24,1.62,1.62,1.62,1.62,-0.0074
2020-09-25,1.617,1.617,1.617,1.617,-0.0019
2020-09-26,1.617,1.617,1.617,1.617,0.0
2020-09-27,1.617,1.617,1.617,1.617,0.0
2020-09-28,1.612,1.612,1.612,1.612,-0.0031
2020-09-29,1.605,1.605,1.605,1.605,-0.0043
2020-09-30,1.605,1.605,1.605,1.605,0.0
2020-10-01,1.605,1.605,1.605,1.605,0.0
2020-10-02,1.605,1.605,1.605,1.605,0.0
2020-10-03,1.605,1.605,1.605,1.605,0.0
2020-10-04,1.605,1.605,1.605,1.605,0.0
2020-10-05,1.658,1.657,1.658,1.657,0.033
2020-10-06,1.71,1.71,1.71,1.71,0.031400000000000004
2020-10-07,1.702,1.702,1.702,1.702,-0.004699999999999999
2020-10-08,1.697,1.697,1.697,1.697,-0.0029
2020-10-09,1.697,1.697,1.697,1.697,0.0
2020-10-10,1.697,1.697,1.697,1.697,0.0
2020-10-11,1.697,1.697,1.697,1.697,0.0
2020-10-12,1.692,1.692,1.692,1.692,-0.0029
2020-10-13,1.652,1.652,1.652,1.652,-0.0236
2020-10-14,1.655,1.655,1.655,1.655,0.0018
2020-10-15,1.64,1.642,1.642,1.64,-0.0091
2020-10-16,1.679,1.68,1.68,1.679,0.023799999999999998
2020-10-18,1.678,1.678,1.678,1.678,-0.0006
2020-10-19,1.625,1.627,1.627,1.624,-0.0316
2020-10-20,1.644,1.647,1.647,1.643,0.011699999999999999
2020-10-21,1.673,1.675,1.675,1.672,0.0176
2020-10-22,1.665,1.667,1.667,1.664,-0.0048
2020-10-23,1.673,1.675,1.675,1.673,0.0048
2020-10-24,1.673,1.673,1.673,1.673,0.0
2020-10-25,1.673,1.673,1.673,1.673,0.0
2020-10-26,1.668,1.67,1.67,1.667,-0.003
2020-10-27,1.685,1.687,1.687,1.684,0.0102
2020-10-28,1.668,1.67,1.67,1.667,-0.0101
2020-10-29,1.675,1.677,1.677,1.674,0.0042
2020-10-30,1.683,1.685,1.685,1.682,0.0048
2020-10-31,1.683,1.683,1.683,1.683,0.0
2020-11-01,1.683,1.683,1.683,1.683,0.0
2020-11-02,1.723,1.725,1.725,1.723,0.023799999999999998
2020-11-03,1.735,1.737,1.737,1.734,0.006999999999999999
2020-11-04,1.715,1.717,1.717,1.714,-0.0115
2020-11-05,1.7,1.697,1.7,1.697,-0.0087
2020-11-06,1.719,1.722,1.722,1.718,0.011200000000000002
2020-11-07,1.719,1.719,1.719,1.719,0.0
2020-11-08,1.719,1.719,1.719,1.719,0.0
2020-11-09,1.723,1.725,1.725,1.722,0.0023
2020-11-10,1.77,1.772,1.772,1.769,0.0273
2020-11-11,1.79,1.792,1.792,1.789,0.0113
2020-11-12,1.778,1.775,1.778,1.775,-0.0067
2020-11-13,1.773,1.775,1.775,1.773,-0.0028000000000000004
2020-11-14,1.773,1.773,1.773,1.773,0.0
2020-11-15,1.773,1.773,1.773,1.773,0.0
2020-11-16,1.768,1.77,1.77,1.767,-0.0028000000000000004
2020-11-17,1.763,1.765,1.765,1.762,-0.0028000000000000004
2020-11-18,1.738,1.74,1.74,1.737,-0.014199999999999999
2020-11-19,1.74,1.742,1.742,1.739,0.0012
2020-11-20,1.735,1.732,1.735,1.732,-0.0029
2020-11-21,1.735,1.735,1.735,1.735,0.0
2020-11-22,1.735,1.735,1.735,1.735,0.0
2020-11-23,1.718,1.72,1.72,1.717,-0.0098
2020-11-24,1.728,1.725,1.728,1.725,0.0058
2020-11-25,1.754,1.757,1.757,1.753,0.015
2020-11-26,1.764,1.765,1.765,1.763,0.005699999999999999
2020-11-27,1.739,1.74,1.74,1.738,-0.014199999999999999
2020-11-28,1.739,1.739,1.739,1.739,0.0
2020-11-29,1.739,1.739,1.739,1.739,0.0
2020-11-30,1.757,1.755,1.757,1.755,0.0104
2020-12-01,1.743,1.742,1.743,1.741,-0.008
2020-12-02,1.765,1.762,1.765,1.762,0.0126
2020-12-03,1.753,1.752,1.753,1.751,-0.0068000000000000005
2020-12-04,1.77,1.77,1.772,1.77,0.0097
2020-12-05,1.77,1.77,1.77,1.77,0.0
2020-12-06,1.77,1.77,1.77,1.77,0.0
2020-12-07,1.772,1.77,1.773,1.77,0.0011
2020-12-08,1.772,1.77,1.772,1.77,0.0
2020-12-09,1.774,1.772,1.774,1.772,0.0011
2020-12-10,1.777,1.775,1.777,1.775,0.0017000000000000001
2020-12-11,1.757,1.757,1.757,1.757,-0.0113
2020-12-12,1.757,1.757,1.757,1.757,0.0
2020-12-13,1.757,1.757,1.757,1.757,0.0
2020-12-14,1.778,1.78,1.78,1.778,0.012
2020-12-15,1.78,1.782,1.782,1.78,0.0011
2020-12-16,1.803,1.802,1.803,1.802,0.0129
2020-12-17,1.828,1.83,1.83,1.828,0.0139
2020-12-18,1.812,1.812,1.812,1.812,-0.0088
2020-12-19,1.812,1.812,1.812,1.812,0.0
2020-12-20,1.812,1.812,1.812,1.812,0.0
2020-12-21,1.817,1.817,1.817,1.817,0.0028000000000000004
2020-12-22,1.795,1.795,1.795,1.795,-0.0121
2020-12-23,1.775,1.775,1.775,1.775,-0.0111
2020-12-24,1.81,1.81,1.81,1.81,0.0197
2020-12-25,1.81,1.81,1.81,1.81,0.0
2020-12-26,1.81,1.81,1.81,1.81,0.0
2020-12-27,1.81,1.81,1.81,1.81,0.0
2020-12-28,1.795,1.795,1.795,1.795,-0.0083
2020-12-29,1.805,1.805,1.805,1.805,0.005600000000000001
2020-12-30,1.827,1.827,1.827,1.827,0.012199999999999999
2020-12-31,1.827,1.827,1.827,1.827,0.0
2021-01-01,1.827,1.827,1.827,1.827,0.0
2021-01-02,1.827,1.827,1.827,1.827,0.0
2021-01-03,1.827,1.827,1.827,1.827,0.0
2021-01-04,1.825,1.825,1.825,1.825,-0.0011
2021-01-05,1.807,1.807,1.807,1.807,-0.009899999999999999
2021-01-06,1.817,1.817,1.817,1.817,0.0055000000000000005
2021-01-07,1.807,1.807,1.807,1.807,-0.0055000000000000005
2021-01-08,1.81,1.81,1.81,1.81,0.0017000000000000001
2021-01-09,1.81,1.81,1.81,1.81,0.0
2021-01-10,1.81,1.81,1.81,1.81,0.0
2021-01-11,1.797,1.797,1.797,1.797,-0.0072
2021-01-12,1.81,1.81,1.81,1.81,0.0072
2021-01-13,1.807,1.807,1.807,1.807,-0.0017000000000000001
2021-01-14,1.82,1.82,1.82,1.82,0.0072
2021-01-15,1.822,1.822,1.822,1.822,0.0011
2021-01-16,1.822,1.822,1.822,1.822,0.0
2021-01-17,1.822,1.822,1.822,1.822,0.0
2021-01-18,1.815,1.815,1.815,1.815,-0.0038
2021-01-19,1.822,1.822,1.822,1.822,0.0039000000000000003
2021-01-20,1.821,1.822,1.822,1.821,-0.0005
2021-01-21,1.822,1.822,1.822,1.822,0.0005
2021-01-22,1.862,1.862,1.862,1.862,0.022000000000000002
2021-01-23,1.862,1.862,1.862,1.862,0.0
2021-01-24,1.862,1.862,1.862,1.862,0.0
2021-01-25,1.892,1.892,1.892,1.892,0.0161
2021-01-26,1.9,1.9,1.9,1.9,0.0042
2021-01-27,1.892,1.892,1.892,1.892,-0.0042
2021-01-28,1.902,1.902,1.902,1.902,0.0053
2021-01-29,1.895,1.895,1.895,1.895,-0.0037
2021-01-30,1.895,1.895,1.895,1.895,0.0
2021-01-31,1.895,1.895,1.895,1.895,0.0
2021-02-01,1.942,1.942,1.942,1.942,0.0248
2021-02-02,1.925,1.925,1.925,1.925,-0.0088
2021-02-03,1.922,1.922,1.922,1.922,-0.0016
2021-02-04,1.934,1.935,1.935,1.934,0.0062
2021-02-05,1.957,1.952,1.957,1.952,0.011899999999999999
2021-02-06,1.957,1.957,1.957,1.957,0.0
2021-02-07,1.957,1.957,1.957,1.957,0.0
2021-02-08,2.004,2.007,2.007,2.003,0.024
2021-02-09,1.994,1.997,1.997,1.994,-0.005
2021-02-10,1.995,1.995,1.995,1.995,0.0005
2021-02-11,1.995,1.995,1.995,1.995,0.0
2021-02-12,1.995,1.995,1.995,1.995,0.0
2021-02-13,1.995,1.995,1.995,1.995,0.0
2021-02-14,1.995,1.995,1.995,1.995,0.0
2021-02-15,2.032,2.032,2.032,2.032,0.018500000000000003
2021-02-16,2.015,2.015,2.015,2.015,-0.0084
2021-02-17,2.025,2.025,2.025,2.025,0.005
2021-02-18,2.014,2.012,2.014,2.012,-0.0054
2021-02-19,2.035,2.035,2.035,2.035,0.0104
2021-02-20,2.035,2.035,2.035,2.035,0.0
2021-02-21,2.035,2.035,2.035,2.035,0.0
2021-02-22,2.06,2.06,2.06,2.06,0.0123
2021-02-23,2.042,2.042,2.042,2.042,-0.0087
2021-02-24,2.007,2.007,2.007,2.007,-0.0171
2021-02-25,2.027,2.027,2.027,2.027,0.01
2021-02-26,2.095,2.095,2.095,2.095,0.0335
2021-02-27,2.095,2.095,2.095,2.095,0.0
2021-02-28,2.095,2.095,2.095,2.095,0.0
2021-03-01,2.095,2.095,2.095,2.095,0.0
2021-03-02,2.1,2.1,2.1,2.1,0.0024
2021-03-03,2.097,2.097,2.097,2.097,-0.0014000000000000002
2021-03-04,2.115,2.115,2.115,2.115,0.0086
2021-03-05,2.145,2.145,2.145,2.145,0.014199999999999999
2021-03-06,2.145,2.145,2.145,2.145,0.0
2021-03-07,2.145,2.145,2.145,2.145,0.0
2021-03-08,2.165,2.165,2.165,2.165,0.009300000000000001
2021-03-09,2.142,2.142,2.142,2.142,-0.0106
2021-03-10,2.137,2.137,2.137,2.137,-0.0023
2021-03-11,2.124,2.122,2.124,2.122,-0.0060999999999999995
2021-03-12,2.185,2.185,2.185,2.185,0.0287
2021-03-13,2.185,2.185,2.185,2.185,0.0
2021-03-14,2.185,2.185,2.185,2.185,0.0
2021-03-15,2.205,2.205,2.205,2.205,0.0092
2021-03-16,2.167,2.167,2.167,2.167,-0.0172
2021-03-17,2.185,2.185,2.185,2.185,0.0083
2021-03-18,2.162,2.162,2.162,2.162,-0.0105
2021-03-19,2.102,2.102,2.102,2.102,-0.0278
2021-03-20,2.102,2.102,2.102,2.102,0.0
2021-03-21,2.102,2.102,2.102,2.102,0.0
2021-03-22,2.087,2.087,2.087,2.087,-0.0070999999999999995
2021-03-23,2.067,2.067,2.067,2.067,-0.0096
2021-03-24,2.037,2.037,2.037,2.037,-0.014499999999999999
2021-03-25,2.05,2.05,2.05,2.05,0.0064
2021-03-26,2.087,2.087,2.087,2.087,0.018000000000000002
2021-03-27,2.087,2.087,2.087,2.087,0.0
2021-03-28,2.087,2.087,2.087,2.087,0.0
2021-03-29,2.079,2.077,2.079,2.077,-0.0038
2021-03-30,2.167,2.167,2.167,2.167,0.042300000000000004
2021-03-31,2.177,2.177,2.177,2.177,0.0046
2021-04-01,2.155,2.155,2.155,2.155,-0.0101
2021-04-02,2.192,2.192,2.192,2.192,0.0172
2021-04-03,2.192,2.192,2.192,2.192,0.0
2021-04-04,2.192,2.192,2.192,2.192,0.0
2021-04-05,2.252,2.252,2.252,2.252,0.0274
2021-04-06,2.243,2.242,2.243,2.242,-0.004
2021-04-07,2.235,2.235,2.235,2.235,-0.0036
2021-04-08,2.17,2.17,2.17,2.17,-0.0291
2021-04-09,2.12,2.12,2.12,2.12,-0.023
2021-04-10,2.12,2.12,2.12,2.12,0.0
2021-04-11,2.12,2.12,2.12,2.12,0.0
2021-04-12,2.122,2.122,2.122,2.122,0.0009
2021-04-13,2.145,2.147,2.147,2.145,0.0108
2021-04-14,2.107,2.107,2.107,2.107,-0.0177
2021-04-15,2.112,2.112,2.112,2.112,0.0024
2021-04-16,2.085,2.087,2.087,2.083,-0.0128
2021-04-17,2.085,2.085,2.085,2.085,0.0
2021-04-18,2.085,2.085,2.085,2.085,0.0
2021-04-19,2.07,2.072,2.072,2.068,-0.0072
2021-04-20,2.095,2.097,2.098,2.095,0.0121
2021-04-21,2.095,2.097,2.098,2.095,0.0
2021-04-22,2.108,2.11,2.11,2.106,0.0062
2021-04-23,2.135,2.14,2.14,2.135,0.0128
2021-04-24,2.135,2.135,2.135,2.135,0.0
2021-04-25,2.135,2.135,2.135,2.135,0.0
2021-04-26,2.16,2.162,2.163,2.16,0.011699999999999999
2021-04-27,2.168,2.17,2.171,2.168,0.0037
2021-04-28,2.183,2.177,2.183,2.177,0.0069
2021-04-29,2.213,2.215,2.215,2.211,0.0137
2021-04-30,2.268,2.27,2.271,2.268,0.024900000000000002
2021-05-01,2.268,2.268,2.268,2.268,0.0
2021-05-02,2.268,2.268,2.268,2.268,0.0
2021-05-03,2.258,2.26,2.26,2.256,-0.0044
2021-05-04,2.235,2.237,2.237,2.233,-0.0102
2021-05-05,2.235,2.235,2.235,2.235,0.0
2021-05-06,2.233,2.235,2.235,2.231,-0.0009
2021-05-07,2.248,2.25,2.25,2.246,0.0067
2021-05-10,2.263,2.265,2.265,2.261,0.0067
2021-05-11,2.258,2.26,2.261,2.258,-0.0022
2021-05-12,2.238,2.24,2.241,2.238,-0.0089
2021-05-13,2.25,2.255,2.255,2.25,0.0054
2021-05-14,2.249,2.25,2.25,2.249,-0.0004
2021-05-15,2.249,2.249,2.249,2.249,0.0
2021-05-16,2.249,2.249,2.249,2.249,0.0
2021-05-17,2.225,2.225,2.225,2.225,-0.010700000000000001
2021-05-18,2.24,2.24,2.24,2.24,0.0067
2021-05-19,2.24,2.24,2.24,2.24,0.0
2021-05-20,2.24,2.24,2.24,2.24,0.0
2021-05-21,2.242,2.242,2.242,2.242,0.0009
2021-05-22,2.242,2.242,2.242,2.242,0.0
2021-05-23,2.242,2.242,2.242,2.242,0.0
2021-05-24,2.25,2.25,2.25,2.25,0.0036
2021-05-25,2.265,2.265,2.265,2.265,0.0067
2021-05-26,2.255,2.255,2.255,2.255,-0.0044
2021-05-27,2.245,2.245,2.245,2.245,-0.0044
2021-05-28,2.27,2.27,2.27,2.27,0.0111
2021-05-29,2.27,2.27,2.27,2.27,0.0
2021-05-30,2.27,2.27,2.27,2.27,0.0
2021-05-31,2.292,2.292,2.292,2.292,0.0097
2021-06-01,2.28,2.28,2.28,2.28,-0.0052
2021-06-02,2.285,2.285,2.285,2.285,0.0022
2021-06-03,2.289,2.287,2.289,2.287,0.0018
2021-06-04,2.265,2.265,2.265,2.265,-0.0105
2021-06-05,2.265,2.265,2.265,2.265,0.0
2021-06-06,2.265,2.265,2.265,2.265,0.0
2021-06-07,2.245,2.245,2.245,2.245,-0.0088
2021-06-08,2.222,2.222,2.222,2.222,-0.0102
2021-06-09,2.192,2.192,2.192,2.192,-0.013500000000000002
2021-06-10,2.182,2.182,2.182,2.182,-0.0046
2021-06-11,2.167,2.167,2.167,2.167,-0.0069
2021-06-12,2.167,2.167,2.167,2.167,0.0
2021-06-13,2.167,2.167,2.167,2.167,0.0
2021-06-14,2.185,2.185,2.185,2.185,0.0083
2021-06-15,2.16,2.16,2.16,2.16,-0.011399999999999999
2021-06-16,2.132,2.132,2.132,2.132,-0.013000000000000001
2021-06-17,2.13,2.13,2.13,2.13,-0.0009
2021-06-18,2.112,2.112,2.112,2.112,-0.0085
2021-06-19,2.112,2.112,2.112,2.112,0.0
2021-06-20,2.112,2.112,2.112,2.112,0.0
2021-06-21,2.077,2.077,2.077,2.077,-0.0166
2021-06-22,2.137,2.137,2.137,2.137,0.028900000000000002
2021-06-23,2.152,2.152,2.152,2.152,0.006999999999999999
2021-06-24,2.157,2.157,2.157,2.157,0.0023
2021-06-25,2.2,2.2,2.2,2.2,0.0199
2021-06-26,2.2,2.2,2.2,2.2,0.0
2021-06-27,2.2,2.2,2.2,2.2,0.0
2021-06-28,2.215,2.215,2.215,2.215,0.0068000000000000005
2021-06-29,2.199,2.197,2.199,2.197,-0.0072
2021-06-30,2.195,2.195,2.195,2.195,-0.0018
2021-07-01,2.168,2.167,2.168,2.167,-0.0123
2021-07-02,2.165,2.165,2.165,2.165,-0.0014000000000000002
2021-07-03,2.165,2.165,2.165,2.165,0.0
2021-07-04,2.165,2.165,2.165,2.165,0.0
2021-07-05,2.145,2.145,2.145,2.145,-0.0092
2021-07-06,2.15,2.15,2.15,2.15,0.0023
2021-07-07,2.112,2.112,2.112,2.112,-0.0177
2021-07-08,2.065,2.065,2.065,2.065,-0.0223
2021-07-09,2.073,2.072,2.073,2.072,0.0039000000000000003
2021-07-10,2.073,2.073,2.073,2.073,0.0
2021-07-11,2.073,2.073,2.073,2.073,0.0
2021-07-12,2.065,2.065,2.065,2.065,-0.0039000000000000003
2021-07-13,2.045,2.045,2.046,2.045,-0.0097
2021-07-14,2.029,2.032,2.032,2.029,-0.0078000000000000005
2021-07-15,2.02,2.02,2.021,2.02,-0.0044
2021-07-16,2.048,2.047,2.048,2.047,0.0139
2021-07-17,2.048,2.048,2.048,2.048,0.0
2021-07-18,2.048,2.048,2.048,2.048,0.0
2021-07-19,2.028,2.03,2.03,2.028,-0.0098
2021-07-20,1.95,1.95,1.95,1.95,-0.0385
2021-07-21,1.94,1.942,1.942,1.94,-0.0051
2021-07-22,1.963,1.962,1.963,1.962,0.011899999999999999
2021-07-23,1.935,1.935,1.936,1.935,-0.0143
2021-07-25,1.935,1.935,1.935,1.935,0.0
2021-07-26,1.925,1.925,1.926,1.925,-0.0052
2021-07-27,1.93,1.932,1.932,1.93,0.0026
2021-07-28,1.918,1.917,1.918,1.917,-0.0062
2021-07-29,1.96,1.962,1.962,1.96,0.0219
2021-07-30,1.933,1.932,1.933,1.932,-0.0138
2021-07-31,1.933,1.933,1.933,1.933,0.0
2021-08-02,1.943,1.932,1.943,1.932,0.0052
2021-08-03,1.93,1.93,1.93,1.93,-0.0067
2021-08-04,1.915,1.915,1.915,1.915,-0.0078000000000000005
2021-08-05,1.923,1.925,1.925,1.923,0.0042
2021-08-06,1.934,1.935,1.935,1.934,0.005699999999999999
2021-08-07,1.915,1.915,1.915,1.915,-0.0098
2021-08-09,1.94,1.935,1.941,1.915,0.0131
2021-08-10,1.928,1.927,1.928,1.927,-0.0062
2021-08-11,1.948,1.947,1.948,1.947,0.0104
2021-08-12,1.943,1.942,1.943,1.942,-0.0026
2021-08-13,1.942,1.942,1.942,1.942,-0.0005
2021-08-15,1.961,1.961,1.961,1.961,0.0098
2021-08-16,1.961,1.961,1.961,1.961,0.0
2021-08-17,1.92,1.92,1.92,1.92,-0.0209
2021-08-18,1.932,1.932,1.932,1.932,0.0063
2021-08-19,1.93,1.93,1.93,1.93,-0.001
2021-08-20,1.915,1.915,1.915,1.915,-0.0078000000000000005
2021-08-21,1.915,1.915,1.915,1.915,0.0
2021-08-22,1.961,1.915,1.961,1.915,0.024
2021-08-23,1.952,1.961,1.961,1.952,-0.0046
2021-08-24,1.982,1.982,1.982,1.982,0.0154
2021-08-25,1.97,1.982,1.982,1.97,-0.0060999999999999995
2021-08-26,1.977,1.977,1.977,1.977,0.0036
2021-08-27,1.985,1.985,1.985,1.985,0.004
2021-08-28,1.985,1.985,1.985,1.985,0.0
2021-08-29,1.985,1.985,1.985,1.985,0.0
2021-08-30,1.958,1.957,1.958,1.957,-0.013600000000000001
2021-08-31,1.952,1.952,1.952,1.952,-0.0031
2021-09-01,1.967,1.967,1.967,1.967,0.0077
2021-09-02,1.965,1.965,1.965,1.965,-0.001
2021-09-03,1.955,1.955,1.955,1.955,-0.0051
2021-09-05,1.955,1.955,1.955,1.955,0.0
2021-09-06,1.975,1.975,1.976,1.975,0.0102
2021-09-07,1.99,1.99,1.99,1.99,0.0076
2021-09-08,1.995,1.995,1.995,1.995,0.0025
2021-09-09,1.997,1.997,1.997,1.997,0.001
2021-09-10,2.0,2.0,2.0,2.0,0.0015
2021-09-11,2.0,2.0,2.0,2.0,0.0
2021-09-12,2.0,2.0,2.0,2.0,0.0
2021-09-13,2.037,2.037,2.037,2.037,0.018500000000000003
2021-09-14,2.057,2.057,2.057,2.057,0.0098
2021-09-15,2.035,2.035,2.035,2.035,-0.010700000000000001
2021-09-16,2.04,2.04,2.04,2.04,0.0025
2021-09-17,2.062,2.062,2.062,2.062,0.0108
2021-09-18,2.062,2.062,2.062,2.062,0.0
2021-09-19,2.062,2.062,2.062,2.062,0.0
2021-09-20,2.062,2.062,2.062,2.062,0.0
2021-09-21,2.062,2.062,2.062,2.062,0.0
2021-09-22,2.062,2.062,2.062,2.062,0.0
2021-09-23,2.082,2.082,2.082,2.082,0.0097
2021-09-24,2.145,2.145,2.145,2.145,0.030299999999999997
2021-09-25,2.145,2.145,2.145,2.145,0.0
2021-09-26,2.145,2.145,2.145,2.145,0.0
2021-09-27,2.145,2.145,2.145,2.145,0.0
2021-09-28,2.207,2.207,2.207,2.207,0.028900000000000002
2021-09-29,2.179,2.177,2.179,2.177,-0.0127
2021-09-30,2.217,2.217,2.217,2.217,0.0174
2021-10-01,2.2,2.2,2.2,2.2,-0.0077
2021-10-02,2.2,2.2,2.2,2.2,0.0
2021-10-03,2.2,2.2,2.2,2.2,0.0
